formula,Crystallinity,Temperature (K),log Resistivity,Power factor (W*m/K^2),ZT,Thermal conductivity (W/(m*K)),Seebeck coefficient (uV/K)
Zr$_{0.94}$Y$_{0.06}$NiSn$_{0.96}$Sb$_{0.04}$,polycrystalline,300.0001122,-3.112945622,1.10E-03,0.039441739,8.35,-92
In$_{1.9}$Ge$_{0.1}$O$_{3}$,polycrystalline,1000.000131,-2.680554553,6.61E-04,0.262891577,2.51443,-117.444
Fe$_{0.978}$Co$_{0.00196}$Si$_{1.96}$Y$_{0.12}$O$_{0.18}$,polycrystalline,1000.000171,-1.669586227,2.16E-05,0.006710396,3.22,-68
Ca$_{0.9}$Bi$_{0.1}$MnO$_{3}$,polycrystalline,1000.000171,-2.28488846,1.78E-04,0.096459952,1.8414,-96.0071
Mn$_{1.3}$Mo$_{6}$S$_{8}$,polycrystalline,300.0001298,-3.160908653,1.08E-04,0.022591533,1.4323,27.2882
In$_{0.1}$Co$_{4}$Sb$_{12}$,polycrystalline,400.0003317,-2.468203143,2.24E-03,0.469668971,1.90897,-276.16
CuCr$_{0.98}$Mg$_{0.02}$O$_{2}$,polycrystalline,1000.000103,-0.634182675,7.02E-05,0.014529805,4.833,403.782
Pb$_{0.96}$Sr$_{0.4}$TeNa$_{0.2}$,polycrystalline,300.0004425,-3.168202508,9.66E-04,1.02E-01,2.85E+00,81
Ti$_{0.99}$Nb$_{0.01}$NiSn,polycrystalline,1000.000721,-2.94221298,2.61E-03,0.414473123,6.2917,-172.594
Fe$_{0.998}$Co$_{0.002}$Si$_{2}$,polycrystalline,1000.000477,-2.218244625,1.26E-04,0.025093971,5.02,-87.3
Mo$_{6}$Te$_{7}$S,polycrystalline,1000.000204,-3.079354999,5.35E-05,0.011602871,4.60973,21.1078
Ca$_{2.4}$Na$_{0.3}$Bi$_{0.3}$Co$_{4}$O$_{9}$,polycrystalline,400.000889,-2.035033625,2.27E-04,0.047717381,1.9,144.6
LaFe$_{3}$CoSb$_{12}$,polycrystalline,400.0009656,-2.737470602,1.11E-03,0.277984857,1.6,142.661
NbCoSn,single crystal,400.0008871,-2.849265045,1.33E-03,0.066676394,7.9584,-137.005
NbCoSn,single crystal,300.0007901,-2.910692012,1.16E-03,0.050251597,6.90444,-119.188
La$_{3}$Te$_{3.65}$Sb$_{0.35}$,polycrystalline,700.0002368,-2.728158393,4.07E-04,0.143755415,1.98,-87.2
SrNd$_{0.2}$Ti$_{0.8}$O$_{3}$,polycrystalline,300.0003783,-2.735598969,6.44E-05,0.003492303,5.53,-34.4
BaPbO$_{3}$,polycrystalline,300.000007,-3.362773529,1.56E-04,0.012368285,3.78035,-26
CaGd$_{0.94}$Mn$_{0.06}$O$_{3}$,polycrystalline,300.0001932,-1.837272689,7.48E-05,0.00787002,2.84951,-104.27
In$_{1.94}$Ge$_{0.06}$O$_{3}$,polycrystalline,700.000048,-2.855158138,5.62E-04,0.100865679,3.89999,-88.5677
CaMnO$_{3}$,polycrystalline,700.0008992,-0.632444685,6.03E-05,0.019480754,2.16539,-374.8
CeFe$_{3.5}$Co$_{0.5}$Sb$_{14}$,polycrystalline,700.0007411,-2.970616222,2.33E-03,0.6558871,2.49,158
Ba$_{8}$Ga$_{16}$Ge$_{30}$,polycrystalline,700.0006363,-2.334419009,1.79E-03,0.627006479,2,288
Ca$_{2.94}$Na$_{0.06}$AlSb$_{3}$,polycrystalline,400.0006821,-1.472370099,6.68E-05,0.021028529,1.27,150
Zr$_{0.35}$Hf$_{0.35}$Ti$_{0.3}$NiSn,polycrystalline,300.0007878,-2.065245592,1.59E-03,0.150488885,3.17,-369.912
In$_{0.05}$Co$_{4}$Sb$_{12}$,polycrystalline,300.0002481,-2.223610487,1.31E-03,0.188435535,2.08661,-279.86
CaYb$_{0.1}$Mn$_{0.9}$O$_{3}$,polycrystalline,1000.000102,-2.1065373,2.11E-04,0.133018362,1.58304,-128.361
CaMnO$_{3}$,polycrystalline,700.0000988,-0.314090635,2.27E-05,0.004804282,3.3114,-332.067
Cr$_{1.3}$Mo$_{6}$S$_{8}$,polycrystalline,1000.00074,-3.08914997,6.01E-04,0.188309984,3.1915,69.9615
CaYb$_{0.15}$Mn$_{0.85}$O$_{3}$,polycrystalline,1000.000647,-2.224992814,1.71E-04,0.101172463,1.69435,-101.05
Sr$_{2}$Ti$_{0.8}$Nb$_{0.2}$O$_{4}$,polycrystalline,700.0006078,-2.062769961,1.41E-04,0.039679604,2.48,-110.3
CuCrO$_{2}$,polycrystalline,400.0000046,1.271423368,4.49E-06,0.000292025,6.1557,916.284
Zr$_{0.5}$Hf$_{0.5}$NiSn,polycrystalline,300.0003826,-2.030418696,3.37E-04,0.0256,3.948955807,-177.252
Fe$_{0.978}$Co$_{0.00196}$Si$_{1.96}$Y$_{0.04}$O$_{0.06}$,polycrystalline,400.0002839,-1.249491605,1.90E-04,0.018574785,4.09,-327
Ca$_{2.4}$Na$_{0.3}$Bi$_{0.3}$Co$_{4}$O$_{9}$,polycrystalline,1000.000282,-2.117931056,5.51E-04,0.315065412,1.75,205
Ca$_{0.96}$Bi$_{0.04}$Mn$_{0.96}$Nb$_{0.04}$O$_{3}$,polycrystalline,700.0001827,-1.903019984,2.15E-04,0.080246985,1.8785,-164.08
Ca$_{0.9}$Bi$_{0.1}$MnO$_{3}$,polycrystalline,700.0008191,-2.301290477,2.87E-04,0.090646689,2.2145,-119.707
Sr$_{3}$Ti$_{1.6}$Nb$_{0.4}$O$_{7}$,polycrystalline,300.0001551,-2.73078229,9.67E-05,0.005849969,4.96,-42.4
Ca$_{0.98}$Bi$_{0.02}$Mn$_{0.98}$Nb$_{0.02}$O$_{3}$,polycrystalline,400.0009167,-1.666809993,6.60E-05,0.011603063,2.27454,-119.21
In$_{1.998}$Ge$_{0.002}$O$_{3}$,polycrystalline,1000.000334,-2.347221998,7.03E-04,0.240031089,2.93072,-177.832
Bi$_{2}$Te$_{3}$,single crystal,300.0005659,-3.346787486,6.73E-03,0.5025,4.016716418,-174
Zn$_{4}$Sb$_{3}$,polycrystalline,400.0006029,-2.58675222,8.23E-04,0.496100779,0.6638,146.015
Zr$_{0.5}$Hf$_{0.5}$NiSn$_{1.994}$Sb$_{0.006}$,polycrystalline,400.0003703,-2.902187593,4.48E-03,0.678,2.645541521,-237
TlTiPS$_{5}$,polycrystalline,300.0005513,4.161368002,1.77E-10,6.76E-08,0.783,-160
In$_{0.1}$Co$_{4}$Sb$_{12}$,polycrystalline,700.0002084,-2.362964816,2.21E-03,0.889593963,1.74246,-309.85
Ba$_{8}$Au$_{5.59}$Si$_{39.01}$,polycrystalline,300.0005218,-2.630784143,4.82E-04,0.081692308,1.77,106.2
La$_{3}$Te$_{3.35}$Bi$_{0.65}$,polycrystalline,700.0009277,-2.359518563,3.90E-04,0.175137182,1.56,-130.6
Fe$_{0.978}$Co$_{0.00196}$Si$_{1.96}$Y$_{0.04}$O$_{0.06}$,polycrystalline,300.0005495,-0.894489815,7.93E-05,0.005183852,4.59,-318
Sr$_{3}$Ti$_{1.6}$Nb$_{0.4}$O$_{7}$,polycrystalline,700.0005006,-2.367355971,2.25E-04,0.057941815,2.72,-98.3
CuCr$_{0.96}$Mg$_{0.04}$O$_{2}$,polycrystalline,300.000385,-0.97190478,3.63E-05,0.001171477,9.2934,196.762
La$_{3}$Te$_{3.8}$Sb$_{0.2}$,polycrystalline,1000.00023,-2.987162775,7.48E-04,0.281365063,2.66,-87.8
LaFe$_{3}$CoSb$_{12}$,polycrystalline,700.0000541,-2.634954022,1.91E-03,0.852255776,1.57,210.479
Mo$_{6}$Te$_{6}$S$_{2}$,polycrystalline,1000.000163,-3,2.14E-05,0.006182272,3.45435,14.6136
Fe$_{0.978}$Co$_{0.00196}$Si$_{1.96}$Y$_{0.12}$O$_{0.18}$,polycrystalline,400.0000466,-0.825358807,3.45E-05,0.005222357,2.64,-227
CeFe$_{3}$CoSb$_{12}$,polycrystalline,300.0000107,-2.987162775,9.90E-04,0.15555838,1.91,101
Zr$_{0.15}$Hf$_{0.15}$Ti$_{0.7}$NiSn,polycrystalline,400.0009872,-2.503943968,2.24E-03,0.291429498,3.072,-264.835
Ca$_{2.94}$Na$_{0.06}$AlSb$_{3}$,polycrystalline,300.0006796,-1.229884705,1.13E-05,0.002050394,1.65,81.5
Fe$_{1.3}$Mo$_{6}$S$_{8}$,polycrystalline,700.0005617,-3.119406468,2.70E-04,0.068003082,2.775,45.2526
Sb$_{2}$Te$_{3}$,single crystal,300.0008959,-3.913640169,3.25E-03,0.1875,5.205245902,63
Na$_{0.02}$PbTe,polycrystalline,700.0001116,-2.766394781,2.65E-03,1.329723145,1.39286,212.86
Ni$_{2.0}$Mo$_{6}$S$_{8}$,polycrystalline,1000.000216,-3.329504592,2.36E-04,0.039452953,5.9752,33.2249
Mg$_{2}$Si$_{0.6}$Ge$_{0.4}$Ag$_{0.02}$,polycrystalline,400.0004848,-1.54668166,8.78E-05,0.011364424,3.09,157.9
In$_{0.2}$Co$_{4}$Sb$_{12}$,polycrystalline,400.0006802,-2.757413853,3.52E-03,0.677502412,2.08031,-248.19
Cr$_{1.3}$Mo$_{6}$S$_{8}$,polycrystalline,300.0000077,-3.293577536,9.09E-05,0.014074574,1.9384,21.5075
Ca$_{2.97}$Na$_{0.03}$AlSb$_{3}$,polycrystalline,700.0001133,-1.764471553,3.58E-04,0.297984496,0.84,248
WO$_{2.9}$,polycrystalline,400.0006809,-2.924033545,8.28E-05,0.010430437,3.1764,-31.41
TiNiSn,polycrystalline,700.0004857,-2.663540266,2.50E-03,0.31783268,5.51,-233
In$_{1.998}$Ge$_{0.002}$O$_{3}$,polycrystalline,700.0009919,-2.472221923,6.34E-04,0.113093689,3.92271,-146.168
Cr$_{1.3}$Mo$_{6}$S$_{8}$,polycrystalline,700.0007437,-3.159098219,3.78E-04,0.098456051,2.6905,51.22
Ti$_{0.98}$Nb$_{0.02}$NiSn,polycrystalline,700.0000695,-3.041992599,3.92E-03,0.539039134,5.085,-188.543
Ba$_{0.4}$Sr$_{0.6}$PbO$_{3}$,polycrystalline,300.0009261,-2.384287666,1.66E-04,0.021697095,2.2948,-82.77
Cu$_{2}$Se,polycrystalline,1000.000016,-2.107905397,1.13E-03,1.517965927,0.745,297
La$_{0.99}$Sr$_{0.01}$CoO$_{3}$,polycrystalline,300.0004937,-0.804000001,9.94E-05,0.016495189,1.807,395
CaMn$_{0.98}$Nb$_{0.02}$O$_{3}$,polycrystalline,1000.000173,-1.510331147,2.00E-04,0.144503757,1.38075,-248.22
Mn$_{1.3}$Mo$_{6}$S$_{8}$,polycrystalline,400.0003386,-3.132804842,1.30E-04,0.032042529,1.6274,30.9869
Mg$_{2}$Si$_{0.999}$Bi$_{0.001}$,polycrystalline,300.0003148,-2.839831707,1.58E-03,0.055522276,8.52,-151
Ba$_{7}$SrAl$_{16}$Si$_{30}$,polycrystalline,700.000561,-3.056520324,3.22E-04,0.091565242,2.46,-53.15
La$_{3}$Te$_{3.35}$Sb$_{0.65}$,polycrystalline,1000.00043,-2.163043263,7.12E-04,0.721599719,0.987,-221.2
Fe$_{1.96}$Ti$_{0.04}$O$_{3}$,polycrystalline,400.0009908,-0.669741667,5.53E-05,0.003218108,6.87,-343.86
Ba$_{8}$Au$_{6.10}$Si$_{38.97}$,polycrystalline,400.0005506,-3.153662888,4.63E-04,0.079426289,2.33,56.99
Sr$_{1.6}$La$_{0.4}$Nb$_{2}$O$_{7}$,single crystal,300.0001586,-2.301029996,2.29E-04,0.038163333,1.8,-107
Fe$_{1.96}$Sn$_{0.04}$O$_{3}$,polycrystalline,700.000372,-0.968634693,9.40E-05,0.015587038,4.22,-317.81
CuCr$_{0.97}$Mg$_{0.03}$O$_{2}$,polycrystalline,1000.000115,-1.327389608,2.25E-04,0.047104642,4.7763,325.374
CuCrO$_{2}$,polycrystalline,300.0002669,1.264071328,8.31E-06,0.000378505,6.5859,1235.43
Mo$_{3}$Te$_{4}$,polycrystalline,300.0002949,-3.148130399,2.35E-06,0.000184926,3.81187,4.08735
Ca$_{0.9}$Ho$_{0.1}$MnO$_{3}$,polycrystalline,400.0009465,-2.130862779,9.04E-05,0.02340048,1.545616006,-81.79
NbCo$_{1.10}$Sn,single crystal,400.0006237,-2.887103556,1.78E-03,0.122115456,5.83,-151.928
Zr$_{0.5}$Hf$_{0.5}$NiSn$_{1.994}$Sb$_{0.006}$,polycrystalline,700.0003203,-2.879886929,5.69E-03,1.3448,2.963660104,-274
Ca$_{2}$Co$_{2}$O$_{5}$,single crystal,700.0009643,-2.839438437,2.08E-03,0.559676118,2.6,173.46
Mg$_{2}$Si$_{0.994}$Bi$_{0.006}$,polycrystalline,300.0006255,-3.48148606,1.13E-03,0.051644691,6.55,-61
Ca$_{2.7}$Bi$_{0.3}$Co$_{4}$O$_{9}$,polycrystalline,700.0003947,-2.041197297,3.14E-04,0.10991039,2,169
Sr$_{0.9}$Y$_{0.1}$TiO$_{3}$,polycrystalline,700.0004249,-2.463441557,9.98E-04,0.139739901,5,-185.3
In$_{0.25}$Co$_{4}$Sb$_{12}$,polycrystalline,700.0004179,-2.780766614,4.59E-03,1.504651502,2.13453,-275.7
Ba$_{0.3}$Sr$_{0.6}$La$_{0.1}$TiO$_{3}$,polycrystalline,700.0009311,-2.563837353,9.73E-04,0.356678749,1.91,-163
Ba$_{8}$Ga$_{16}$Ge$_{30}$,polycrystalline,300.0000291,-2.550213153,7.88E-04,0.118216187,2,149
CeFe$_{3}$CoSb$_{12}$,polycrystalline,700.0000188,-2.88941029,2.40E-03,0.812013631,2.07,176
Ca$_{0.7}$Y$_{0.3}$MnO$_{3}$,polycrystalline,1000.000623,-2.150523462,5.23E-05,0.0340102,1.536920596,-60.8
Ti$_{0.95}$Nb$_{0.05}$NiSn,polycrystalline,400.000173,-3.402551642,3.11E-03,0.195021878,6.3783,-110.94
Mg$_{1.9}$Ca$_{0.1}$Si,polycrystalline,300.0006382,-2.674279142,1.76E-04,0.010140438,5.2,-61
Sn$_{1.2}$S$_{1.2}$Ti$_{2}$S$_{4}$,polycrystalline,400.0000957,-3.070581074,9.28E-04,0.182797798,2.03,-88.8
Fe$_{1.94}$Ti$_{0.06}$O$_{3}$,polycrystalline,300.000865,-0.385608061,2.73E-05,0.00128041,6.39,-335.01
SrDy$_{0.08}$Ti$_{0.92}$O$_{3}$,polycrystalline,700.0004728,-2.33845649,4.71E-04,0.104023136,3.17,-147
Zr$_{0.94}$Y$_{0.06}$NiSn$_{0.96}$Sb$_{0.04}$,polycrystalline,400.0004414,-3.103473783,1.51E-03,0.092641543,6.51,-109
La$_{2.74}$Te$_{4}$,polycrystalline,300.0009608,-2.568636236,6.23E-05,0.015062724,1.24,-41
CeFe$_{3.5}$Co$_{0.5}$Sb$_{12}$,polycrystalline,300.0000777,-3.049148541,8.51E-04,0.10643673,2.4,87.2
WO$_{2.9}$,polycrystalline,700.0006101,-2.977295385,1.96E-04,0.039515646,3.4727,-45.45
Ti$_{0.98}$Nb$_{0.02}$NiSn,polycrystalline,1000.000592,-3.017563224,3.16E-03,0.529517135,5.975,-174.312
CuRh$_{0.9}$Mg$_{0.1}$O$_{2}$,polycrystalline,1000.000012,-2.257294503,1.28E-03,0.152467292,8.39186,265.993
CaMn$_{0.96}$Ru$_{0.04}$O$_{3}$,polycrystalline,400.0005006,-2.123708821,1.91E-04,0.020374273,3.75786,-119.99
TiNiSn,polycrystalline,300.0003687,-1.502822999,2.34E-04,0.011567378,6.0761,-271.305
Cu$_{1.98}$Se,polycrystalline,400.0001018,-3.14327111,5.73E-04,0.132542468,1.73,64.2
Zr$_{0.99}$Nb$_{0.01}$NiSn,polycrystalline,300.0001703,-2.960558119,2.67E-03,0.082668744,9.6761,-170.876
Zr$_{0.25}$Hf$_{0.25}$Ti$_{0.5}$NiSn,polycrystalline,400.0007227,-2.470918864,3.22E-03,0.4288356,3.003,-329.939
La$_{2.99}$Te$_{4}$,polycrystalline,1000.000097,-3.011441043,5.73E-04,0.199618299,2.87,-74.7
Tl$_{0.02}$Pb$_{0.98}$Te,polycrystalline,300.0009229,-2.620886739,7.75E-04,0.107163649,2.16832,136.17
Yb$_{14}$MnSb$_{11}$,single crystal,300.0002164,-2.690452867,1.56E-04,0.055801689,0.84,56.4516
Yb$_{14}$MnSb$_{11}$,single crystal,400.0000675,-2.633930226,2.03E-04,0.096379224,0.844,68.7334
Ca$_{5}$Al$_{2}$Sb$_{6}$,polycrystalline,700.0002286,-0.629116983,6.48E-05,0.059326794,0.764,390
Ca$_{0.7}$Tb$_{0.3}$MnO$_{3}$,polycrystalline,700.000713,-2.2790927,5.82E-05,0.0278775,1.462482104,-55.34
TiNiSn,polycrystalline,1000.000727,-2.823908741,1.60E-03,0.207738867,7.71,-155
CaYb$_{0.05}$Mn$_{0.95}$O$_{3}$,polycrystalline,700.0004783,-1.807689074,1.82E-04,0.079617332,1.60159,-168.417
Zn$_{4}$Sb$_{3}$,polycrystalline,700.0006959,-2.478193983,1.27E-03,1.286961011,0.6933,205.872
Ca$_{0.9}$Y$_{0.1}$MnO$_{3}$,polycrystalline,400.0006489,-2.320902038,1.40E-04,0.03772212,1.482392228,-81.71
Ni$_{2.0}$Mo$_{6}$S$_{8}$,polycrystalline,300.0007406,-3.208822528,1.11E-05,0.001935215,1.7135,8.26675
Zn$_{0.995}$Al$_{0.005}$O,polycrystalline,700.0007075,-2.040000019,3.03E-04,0.015658013,13.525,-166.107
CaGd$_{0.96}$Mn$_{0.04}$O$_{3}$,polycrystalline,400.0001628,-1.890301406,2.08E-04,0.051454878,1.6149,-163.53
In$_{0.15}$Co$_{4}$Sb$_{12}$,polycrystalline,700.0000339,-2.570522268,3.38E-03,1.27177965,1.86154,-301.53
Ba$_{0.8}$Sr$_{0.2}$PbO$_{3}$,polycrystalline,300.000737,-3.335046046,1.29E-04,0.014141215,2.74566,-24.46
In$_{2}$O$_{3}$,polycrystalline,300.0000351,-1.869049007,1.80E-04,0.005590487,9.6695,-156.078
Ti$_{0.99}$Nb$_{0.01}$NiSn,polycrystalline,300.0008217,-2.937386056,2.72E-03,0.118473741,6.8928,-177.319
ZrNiSn,polycrystalline,1000.000127,-2.79865259,2.85E-03,0.42941353,6.6417,-212.937
In$_{1.985}$Ge$_{0.015}$O$_{3}$,polycrystalline,400.0009934,-3.087301385,3.92E-04,0.022224564,7.04775,-56.5928
In$_{2}$O$_{3}$,polycrystalline,400.0003761,-1.825396574,2.00E-04,0.011785614,6.77329,-172.722
Ti$_{0.95}$Nb$_{0.05}$NiSn,polycrystalline,300.000104,-3.455108818,2.64E-03,0.113786134,6.9595,-96.2097
Sb$_{0.005}$I$_{0.015}$Cs$_{0.995}$Bi$_{3.98}$Te$_{5.97}$,single crystal,300.0004966,-3.070581074,2.80E-03,0.559473882,1.5,154.2
Ca$_{2.85}$Na$_{0.15}$AlSb$_{3}$,polycrystalline,300.0009652,-1.560667306,4.61E-05,0.008698978,1.59,112.6
Pb$_{1.8}$S$_{1.8}$Ti$_{2}$S$_{4}$,polycrystalline,400.0007547,-3.137868621,6.89E-04,0.109728996,2.51,-70.8
Fe$_{1.3}$Mo$_{6}$S$_{8}$,polycrystalline,400.0007656,-3.17193525,1.18E-04,0.025493657,1.8524,28.1894
Bi$_{2}$Sr$_{2}$Co$_{2}$O$_{8}$,single crystal,700.0003848,-2.558177657,1.06E-03,0.3597171,2.0678,171.43
Ba$_{8}$Au$_{5.14}$Si$_{39.51}$,polycrystalline,300.0000071,-2.48148606,3.15E-04,0.05085044,1.86,-102
Zr$_{0.4}$Hf$_{0.4}$Ti$_{0.2}$NiSn,polycrystalline,700.0005187,-2.752854399,4.33E-03,0.949138206,3.196,-276.689
CaYb$_{0.05}$Mn$_{0.95}$O$_{3}$,polycrystalline,1000.000429,-1.72899062,3.21E-04,0.199082397,1.61396,-244.888
Si$_{0.8}$Ge$_{0.2}$,polycrystalline,400.0001268,-2.888765051,1.48E-03,0.235493287,2.51953,138.43
TiNiSn,polycrystalline,300.0008742,-2.124938737,5.33E-04,0.020725389,7.72,-200
Si$_{0.8}$Ge$_{0.2}$,polycrystalline,300.000751,-2.928765869,1.24E-03,0.151567098,2.44922,120.75
CaMn$_{0.96}$Ru$_{0.04}$O$_{3}$,polycrystalline,700.0008065,-1.992102932,1.85E-04,0.039949192,3.23973,-137.22
Ca$_{0.7}$Ho$_{0.3}$MnO$_{3}$,polycrystalline,300.0008959,-2.290852202,3.73E-05,0.00521868,2.143851851,-43.69
Mg$_{2}$Si$_{0.6}$Ge$_{0.4}$Bi$_{0.02}$,polycrystalline,1000.000817,-2.657577319,1.60E-03,0.925677614,1.73,-187.7
SrTi$_{0.8}$Nb$_{0.2}$O$_{3}$,polycrystalline,400.0001303,-2.84757252,2.74E-04,0.012720218,8.62,-62.4
Sr$_{0.61}$Ba$_{0.39}$Nb$_{2}$O$_{6}$,single crystal,300.0007176,-0.978726042,3.29E-05,0.005928401,1.667,-186
Ca$_{0.96}$Bi$_{0.04}$Mn$_{0.96}$Nb$_{0.04}$O$_{3}$,polycrystalline,300.0006276,-2.052360013,9.38E-05,0.012410311,2.2675,-91.19
Zr$_{0.98}$Nb$_{0.02}$NiSn,polycrystalline,1000.000917,-3.021544654,4.05E-03,0.651557074,6.2083,-196.196
La$_{3}$Te$_{3.35}$Bi$_{0.65}$,polycrystalline,300.000591,-2.148741651,7.10E-05,0.010828673,1.967,-71
In$_{1.9}$Ge$_{0.1}$O$_{3}$,polycrystalline,300.0005075,-2.878968984,2.15E-04,0.00940658,6.84738,-53.2639
Si$_{0.79936}$Ge$_{0.19984}$B$_{0.0008}$,polycrystalline,1000.000091,-2.53040476,2.09E-03,0.580112442,3.59911,248.114
Cu$_{1.98}$Se,polycrystalline,1000.000082,-2.488116639,1.25E-03,1.230837438,1.015,201.5
Zr$_{0.95}$Nb$_{0.05}$NiSn,polycrystalline,400.0002705,-3.43850149,2.18E-03,0.105970331,8.2117,-89.0283
In$_{1.8}$Ge$_{0.2}$O$_{3}$,polycrystalline,700.0005391,-2.613094575,3.06E-04,0.116776249,1.83597,-86.4
La$_{3}$Te$_{3.35}$Sb$_{0.65}$,polycrystalline,300.0009253,-1.744727495,4.60E-05,0.009388889,1.47,-91
Ca$_{0.9}$Y$_{0.1}$MnO$_{3}$,polycrystalline,300.0000206,-2.359022935,1.14E-04,0.02291151,1.488878233,-70.53
Fe$_{0.978}$Co$_{0.00196}$Si$_{1.96}$Y$_{0.12}$O$_{0.18}$,polycrystalline,700.0006487,-1.28567024,9.51E-05,0.0225,2.96,-222
TiNiSn,polycrystalline,400.0000243,-2.292429824,1.18E-03,0.07005719,6.72,-245
Mn$_{1.3}$Mo$_{6}$S$_{8}$,polycrystalline,1000.000245,-3.017033548,3.43E-04,0.119165632,2.8822,57.4673
Si$_{0.8}$Ge$_{0.2}$,polycrystalline,700.0006983,-2.747857464,2.05E-03,0.55966257,2.56641,191.49
Ti$_{0.99}$Nb$_{0.01}$NiSn,polycrystalline,700.0008277,-2.894326687,3.50E-03,0.508510843,4.8184,-211.295
Ba$_{8}$Ga$_{18}$Ge$_{28}$,polycrystalline,400.0006382,-2.14611935,1.78E-04,0.05098462,1.4,-112.9
Mg$_{2}$Si$_{0.98}$Bi$_{0.02}$,polycrystalline,400.0006898,-2.91721463,1.01E-03,0.07143602,5.63,-110.3
Pb$_{0.98}$Sr$_{0.2}$TeNa$_{0.1}$,polycrystalline,300.0001558,-3.387746094,1.13E-03,1.11E-01,3.07E+00,68
Ca$_{0.98}$Bi$_{0.02}$Mn$_{0.98}$Nb$_{0.02}$O$_{3}$,polycrystalline,700.0006811,-1.586459998,1.31E-04,0.048845628,1.87848,-184.31
Mo$_{6}$Te$_{6}$S$_{2}$,polycrystalline,700.0003985,-3.024108864,1.44E-05,0.003449371,2.93114,11.6892
Ca$_{3}$Co$_{4}$O$_{9}$,polycrystalline,400.0004419,-1.950007143,1.30E-04,0.02747162,1.9,121
Ba$_{8}$Ga$_{16}$Ge$_{30}$,single crystal,400.0004444,-3.119186408,4.12E-04,0.101186968,1.63,-55.98
Ba$_{0.8}$Sr$_{0.2}$PbO$_{3}$,polycrystalline,700.0006806,-3.259228477,3.17E-04,0.055061518,4.0289,-41.77
CaGd$_{0.96}$Mn$_{0.04}$O$_{3}$,polycrystalline,1000.000204,-1.976088037,2.82E-04,0.220343013,1.28033,-172.65
Mg$_{2}$Si$_{0.999}$Bi$_{0.001}$,polycrystalline,700.0000902,-2.499351937,1.68E-03,0.322249944,3.66,-231
SrNb$_{0.15}$Ti$_{0.85}$O$_{3}$,polycrystalline,400.000939,-0.425416827,6.02E-07,5.13E-05,4.696,-47.5373
Ca$_{2.4}$Na$_{0.3}$Bi$_{0.3}$Co$_{4}$O$_{9}$,polycrystalline,700.0008623,-2.070427821,3.52E-04,0.136881754,1.8,173
Zr$_{0.5}$Hf$_{0.5}$NiSn,polycrystalline,400.000862,-2.203619269,6.95E-04,0.078795216,3.53,-208.592
Zn$_{0.9975}$Al$_{0.0025}$O,polycrystalline,300.0000911,-0.527629901,1.49E-05,0.001603781,2.78,-210
Sn$_{1.2}$S$_{1.2}$Ti$_{2}$S$_{4}$,polycrystalline,300.00034,-3.320572103,8.78E-04,0.099074464,2.66,-64.8
Sr$_{0.145}$Ga$_{0.302}$Ge$_{0.553}$,polycrystalline,300.0008447,-1.88941029,7.94E-04,0.293999426,0.81,-320
Ca$_{3}$AlSb$_{3}$,polycrystalline,700.000895,-0.604498876,6.82E-05,0.064093403,0.745,411.8
Ca$_{3}$Co$_{4}$O$_{9}$,polycrystalline,700.0005046,-2.004320939,2.18E-04,0.084875265,1.8,147
Ca$_{2.7}$Na$_{0.3}$Co$_{4}$O$_{9}$,polycrystalline,700.0001343,-2.096584414,2.95E-04,0.103141844,2,153.6
Ca$_{0.7}$Tb$_{0.3}$MnO$_{3}$,polycrystalline,300.0008673,-2.216785553,3.53E-05,0.00488322,2.170001556,-46.31
CuCr$_{0.98}$Mg$_{0.02}$O$_{2}$,polycrystalline,700.0002105,-0.576619761,5.11E-05,0.006125187,5.8378,367.981
Zr$_{0.98}$Nb$_{0.02}$NiSn,polycrystalline,300.0008636,-3.210599106,2.80E-03,0.083623065,10.0594,-131.398
WO$_{2.722}$,polycrystalline,1000.000977,-3.516197392,3.76E-04,0.059798731,6.2948,-33.86
Ca$_{2.7}$Bi$_{0.3}$Co$_{4}$O$_{9}$,polycrystalline,1000.000446,-2.106182776,4.95E-04,0.241256545,2.05,196.8
Mg$_{2}$Si$_{0.995}$Bi$_{0.005}$,polycrystalline,300.0000469,-3.432973634,1.24E-03,0.056889344,6.55,-67.7
CaMnO$_{3}$,polycrystalline,700.0007388,-0.986745547,1.27E-04,0.041301192,2.15813,-362.325
Mo$_{6}$Te$_{7}$S,polycrystalline,700.0005998,-3.087777943,2.39E-05,0.004207081,3.97842,13.9768
ZrNiSn,polycrystalline,400.0003879,-2.058388055,1.34E-03,0.064001427,8.395,-342.674
ZnO,polycrystalline,1000.0004,0.472756449,6.43E-06,0.000749156,8.58,-436.926
Bi$_{2}$Sr$_{2}$Co$_{2}$O$_{8}$,single crystal,400.0000338,-2.623072829,6.05E-04,0.113817986,2.1246,120
Zn$_{4}$Sb$_{3}$,polycrystalline,300.0002284,-2.676321036,5.83E-04,0.173267726,1.01,110.866
Ba$_{8}$Ga$_{16}$Ge$_{30}$,polycrystalline,1000.000038,-2.204119983,1.34E-03,0.668168,2,289
Na$_{0.02}$PbTe$_{0.85}$Se$_{0.15}$,polycrystalline,300.0008725,-3.383815514,6.28E-04,0.062528934,3.01429,50.95
Zr$_{0.5}$Hf$_{0.5}$NiSn$_{1.998}$Sb$_{0.002}$,polycrystalline,400.0003629,-2.663940722,3.64E-03,0.537,2.712932995,-281
In$_{1.8}$Ge$_{0.2}$O$_{3}$,polycrystalline,1000.000478,-2.573412297,4.53E-04,0.277913956,1.63073,-110.012
CaMn$_{0.98}$Nb$_{0.02}$O$_{3}$,polycrystalline,300.0004952,-1.698970004,1.62E-04,0.01944,2.5,-180
Ca$_{4.95}$Na$_{0.05}$Al$_{2}$Sb$_{6}$,polycrystalline,300.000598,-1.478861916,1.12E-04,0.022589755,1.49,193
Cu$_{2}$Se,polycrystalline,400.0006214,-2.793174124,7.11E-04,0.273506928,1.04,107
Mg$_{2}$Si,polycrystalline,700.0006931,-2.384576047,1.94E-03,0.444343225,3.05,-282.6
In$_{0.25}$Co$_{4}$Sb$_{12}$,polycrystalline,300.0004714,-2.943297104,4.14E-03,0.485042171,2.55853,-217.11
Ba$_{8}$Au$_{5.59}$Si$_{39.01}$,polycrystalline,400.0002042,-2.596879479,6.33E-04,0.15617284,1.62,126.5
Nd$_{2}$Cu$_{0.98}$Zn$_{0.02}$O$_{4}$,polycrystalline,700.0009412,-1.11739123,4.04E-05,0.005420334,5.22,-175.63
Fe$_{0.978}$Co$_{0.00196}$Si$_{1.96}$Y$_{0.04}$O$_{0.06}$,polycrystalline,1000.000682,-1.913640169,8.33E-05,0.019782407,4.21,-100.8
CaGd$_{0.94}$Mn$_{0.06}$O$_{3}$,polycrystalline,700.0008232,-2.062491737,2.42E-04,0.079142343,2.1394,-144.73
Na$_{0.02}$PbTe$_{0.75}$Se$_{0.25}$,polycrystalline,400.0007896,-3.16057915,1.17E-03,0.216602878,2.15357,89.76
Mo$_{6}$Te$_{6}$S$_{2}$,polycrystalline,300.00076,-3.067019178,4.63E-06,0.000654096,2.12496,6.30124
Mg$_{2}$Si,polycrystalline,300.000419,-2.78968148,4.88E-04,0.032536455,4.5,-89
Ba$_{0.3}$Sr$_{0.6}$La$_{0.1}$TiO$_{3}$,polycrystalline,300.0006529,-3.306536873,1.37E-03,0.10088053,4.07,-82.2
In$_{1.985}$Ge$_{0.015}$O$_{3}$,polycrystalline,300.0005376,-3.140873116,3.02E-04,0.009632278,9.41949,-46.7607
Pb$_{0.96}$Sr$_{0.4}$TeNa$_{0.2}$,polycrystalline,1000.000238,-2.50105928,2.23E-03,2.27E+00,9.80E-01,265
Ca$_{3}$AlSb$_{3}$,polycrystalline,400.0008393,-0.26954074,1.86E-05,0.006750055,1.1,315.9
Fe$_{1.96}$Ti$_{0.04}$O$_{3}$,polycrystalline,1000.0007,-1.142067066,1.50E-04,0.04224856,3.54,-328.38
SrTi$_{0.8}$Nb$_{0.2}$O$_{3}$,polycrystalline,700.000707,-2.767155792,7.08E-04,0.100710366,4.92,-110
Cr$_{1.3}$Mo$_{6}$S$_{8}$,polycrystalline,400.0005723,-3.258121507,1.33E-04,0.025225214,2.1055,27.071
La$_{0.95}$Sr$_{0.05}$CoO$_{3}$,polycrystalline,300.000192,-1.797000013,2.89E-04,0.048140749,1.8,214.7
Mg$_{2}$Si$_{0.98}$Ag$_{0.02}$,polycrystalline,700.0007557,-1.401209493,5.59E-05,0.010666305,3.67,149
Tl$_{0.01}$Pb$_{0.99}$Te,polycrystalline,400.0006638,-2.450328635,1.14E-03,0.295085853,1.55169,201.46
LaFe$_{3}$CoSb$_{12}$,polycrystalline,300.0009809,-2.784346577,7.15E-04,0.134070829,1.6,108.391
Zr$_{0.15}$Hf$_{0.15}$Ti$_{0.7}$NiSn,polycrystalline,300.0008603,-2.317439788,1.32E-03,0.116775879,3.394,-252.204
Zn$_{0.99}$Al$_{0.01}$O,polycrystalline,1000.000516,-2.33999999,6.11E-04,0.074061501,8.25,-167.118
SrNd$_{0.24}$Ti$_{0.76}$O$_{3}$,polycrystalline,300.000511,-2.648360013,2.27E-05,0.001140242,5.98,-22.6
CuRh$_{0.9}$Mg$_{0.1}$O$_{2}$,polycrystalline,700.000132,-2.406604265,1.05E-03,0.073515711,10.0099,203.027
CuCr$_{0.97}$Mg$_{0.03}$O$_{2}$,polycrystalline,700.0008901,-1.314049671,1.73E-04,0.021350298,5.6659,289.576
Fe$_{0.978}$Co$_{0.00196}$Si$_{1.96}$Y$_{0.12}$O$_{0.18}$,polycrystalline,300.000002,-0.568636236,1.89E-05,0.001984305,2.86,-226
Ca$_{2.85}$Na$_{0.15}$AlSb$_{3}$,polycrystalline,700.0003253,-1.913640169,3.79E-04,0.315744536,0.84,215
NaCo$_{2}$O$_{4}$,single crystal,400.0000516,-3.450996738,2.71E-03,0.080229444,13.53,98
Tl$_{2}$Cu$_{2}$SnTe$_{4}$,polycrystalline,300.0003026,2.113943352,9.16E-08,7.29E-05,0.377,345
Ca$_{0.9}$Yb$_{0.1}$MnO$_{3}$,polycrystalline,400.0007027,-2.391837814,2.01E-04,0.049042114,1.63871,-90.28
Pb$_{1.8}$S$_{1.8}$Ti$_{2}$S$_{4}$,polycrystalline,300.0000431,-3.337242168,5.61E-04,0.058035382,2.9,-50.8
Ca$_{0.9}$Y$_{0.1}$MnO$_{3}$,polycrystalline,700.0005305,-2.228006339,2.15E-04,0.094031,1.600767692,-112.78
Sr$_{3}$Ti$_{1.6}$Nb$_{0.4}$O$_{7}$,polycrystalline,1000.00037,-2.10720997,3.20E-04,0.149317383,2.14,-158
Ca$_{3}$AlSb$_{3}$,polycrystalline,300.0008811,0.078819183,2.27E-06,0.000469788,1.45,165
Mg$_{2}$Si$_{0.98}$Ag$_{0.02}$,polycrystalline,1000.000821,-2.180456064,5.59E-04,0.176754891,3.16,192
Fe$_{1.3}$Mo$_{6}$S$_{8}$,polycrystalline,1000.000415,-3.083039933,3.52E-04,0.103044764,3.4165,53.9242
Ba$_{7}$SrAl$_{16}$Si$_{30}$,polycrystalline,1000.000216,-2.951830201,5.59E-04,0.217595686,2.57,-79.05
SrTi$_{0.8}$Nb$_{0.2}$O$_{3}$,polycrystalline,400.0008337,-2.342840943,1.30E-04,0.006089889,8.57,-76.9741
KBi$_{6.33}$S$_{10}$,polycrystalline,300.0007255,-0.782516056,3.79E-07,8.74E-05,1.3,-25
CeFe$_{4}$Sb$_{12}$,polycrystalline,700.0005228,-3.052566278,1.82E-03,0.748267895,1.703,127
Mg$_{2}$Si$_{0.6}$Ge$_{0.4}$Bi$_{0.02}$,polycrystalline,400.0007834,-2.896196279,1.09E-03,0.165970427,2.62,-117.5
Ba$_{8}$Au$_{6.10}$Si$_{38.97}$,polycrystalline,300.0006024,-3.209714836,3.47E-04,0.047688674,2.18,46.24
Ti$_{0.95}$Nb$_{0.05}$NiSn,polycrystalline,1000.000031,-3.139180044,2.80E-03,0.509801867,5.4917,-142.549
In$_{1.998}$Ge$_{0.002}$O$_{3}$,polycrystalline,300.0002182,-2.676587003,3.73E-04,0.012204602,9.1565,-88.5671
Mg$_{2}$Si,polycrystalline,400.0008857,-2.70421306,1.81E-03,0.180774291,4,-189
Mg$_{1.95}$Ca$_{0.05}$Si,polycrystalline,400.0001321,-2.93930216,7.81E-04,0.063794428,4.9,-94.8
Ag$_{0.15}$Sb$_{0.15}$Te$_{1.15}$Ge$_{0.85}$,single crystal,400.0006254,-3.070655166,1.76E-03,0.458771734,1.53108,122.16
Mg$_{2}$Si$_{0.98}$Ag$_{0.02}$,polycrystalline,400.000179,-0.384049948,7.67E-06,0.000506381,6.06,178
NbCo$_{1.05}$Sn,single crystal,300.0006605,-2.8619785,1.94E-03,0.084685557,6.88672,-163.441
ZrNi$_{0.76}$Co$_{0.004}$Cu$_{0.2}$Sn,polycrystalline,300.0008786,-2.057495894,1.03E-04,0.005134142,6.02,-95
TiNiSn,polycrystalline,400.0002067,-2.076086761,1.04E-03,0.08031864,5.1951,-295.891
Zn$_{4}$Sb$_{3}$,polycrystalline,700.0009978,-2.499479487,1.12E-03,1.055896648,0.743,188.372
Mo$_{6}$Te$_{6}$S$_{2}$,polycrystalline,400.000622,-3.05207638,7.33E-06,0.001234787,2.37444,8.06322
Zr$_{0.99}$Nb$_{0.01}$NiSn,polycrystalline,700.0002619,-2.870074338,3.87E-03,0.447571084,6.0517,-228.446
In$_{0.2}$Co$_{4}$Sb$_{12}$,polycrystalline,300.0003842,-2.826207891,3.31E-03,0.400777807,2.47577,-222.15
In$_{0.05}$Co$_{4}$Sb$_{12}$,polycrystalline,400.0009476,-2.169140062,1.29E-03,0.296861717,1.73762,-295.57
ZrNi$_{1.98}$Cu$_{0.02}$Sn,polycrystalline,300.0003167,-2.978810701,1.68E-03,0.063333333,7.98,-133
Fe$_{1.96}$Sn$_{0.04}$O$_{3}$,polycrystalline,300.0009558,-0.33025748,2.84E-05,0.001246546,6.84,-364.5
Ca$_{0.98}$Bi$_{0.02}$Mn$_{0.98}$Nb$_{0.02}$O$_{3}$,polycrystalline,300.0004165,-1.691950002,4.92E-05,0.005877928,2.51281,-100.04
CaMn$_{0.98}$Nb$_{0.02}$O$_{3}$,polycrystalline,400.000154,-1.666736155,1.93E-04,0.03719487,2.07513,-203.88
Mg$_{2}$Si$_{0.98}$Bi$_{0.02}$,polycrystalline,700.0002379,-2.903089987,2.45E-03,0.476989374,3.6,-174.9
Ca$_{2.7}$Na$_{0.3}$Co$_{4}$O$_{9}$,polycrystalline,400.0007986,-2.276216063,2.98E-04,0.06273382,1.9,125.6
La$_{2.74}$Te$_{4}$,polycrystalline,1000.000675,-2.194499142,7.23E-04,0.810073831,0.893,-215
Tl$_{2}$GeTe$_{5}$,polycrystalline,300.0006078,-1.635636645,3.51E-04,0.011610217,9.07,285
Sr$_{4.5}$Nb$_{4.5}$O$_{15.5}$,single crystal,300.0000901,-2.943095149,3.17E-05,0.003877551,2.45,-19
Tl$_{2}$SnTe$_{5}$,polycrystalline,300.0005933,-2.37675071,1.14E-03,0.067304238,5.09,219
SrTi$_{0.8}$Nb$_{0.2}$O$_{3}$,polycrystalline,700.0003857,-2.335854927,3.24E-04,0.036960421,6.14,-122.314
CaGd$_{0.94}$Mn$_{0.06}$O$_{3}$,polycrystalline,400.0004541,-1.944952256,1.24E-04,0.019260696,2.5699,-118.52
Mg$_{2}$Si$_{0.98}$Bi$_{0.02}$,polycrystalline,300.0001726,-2.818156412,4.52E-04,0.019023797,7.13,-82.9
CuCr$_{0.96}$Mg$_{0.04}$O$_{2}$,polycrystalline,700.0007749,-1.328822527,1.56E-04,0.013673064,7.9727,270.256
Zr$_{0.25}$Hf$_{0.25}$Ti$_{0.5}$NiSn,polycrystalline,700.0006415,-2.786942015,6.60E-03,1.419170654,3.254,-328.251
Sr$_{2}$Ti$_{0.8}$Nb$_{0.2}$O$_{4}$,polycrystalline,300.0002739,-2.322219273,6.03E-05,0.004141796,4.37,-53.6
Mg$_{2}$Si,polycrystalline,400.000363,-2.761953897,2.43E-03,0.157996146,6.15,-205
SrNd$_{0.17}$Ti$_{0.83}$O$_{3}$,polycrystalline,700.0003416,-2.644044554,4.06E-04,0.073446995,3.87,-96
Nd$_{2}$Cu$_{0.98}$Ni$_{0.02}$O$_{4}$,polycrystalline,300.0007742,-1.226087087,1.05E-04,0.003200812,9.811,-249.39
Bi$_{1.2}$S$_{1.2}$Ti$_{2}$S$_{4}$,polycrystalline,400.0006184,-3.301899454,6.03E-04,0.100068103,2.41,-54.85
Ba$_{8}$Au$_{5.14}$Si$_{39.51}$,polycrystalline,400.0005949,-2.465973894,4.08E-04,0.101322945,1.61,-118.1
Yb$_{14}$MnSb$_{11}$,single crystal,1000.000496,-2.339213233,5.88E-04,0.822909213,0.715,164.143
Sr$_{0.9}$Y$_{0.1}$TiO$_{3}$,polycrystalline,300.0009164,-3.056505484,9.75E-04,0.041764969,7,-92.5
CuCrO$_{2}$,polycrystalline,700.0004178,0.532512329,1.18E-05,0.001689722,4.8843,633.893
Ca$_{0.9}$Tb$_{0.1}$MnO$_{3}$,polycrystalline,700.000126,-2.080020244,1.87E-04,0.0829136,1.574660559,-124.55
ZrNiSn,polycrystalline,700.0008776,-2.553250553,2.90E-03,0.338827093,5.9849,-284.671
In$_{1.8}$Ge$_{0.2}$O$_{3}$,polycrystalline,300.0002254,-2.541667397,9.53E-05,0.008831211,3.23848,-52.3343
Ba$_{8}$Ga$_{16}$Ge$_{30}$,polycrystalline,400.0009869,-3.045757491,4.29E-04,0.120934761,1.42,-62.16
Na$_{0.02}$PbTe$_{0.85}$Se$_{0.15}$,polycrystalline,700.0006178,-2.794311251,2.72E-03,1.502553777,1.26786,209.05
Mg$_{2}$Si$_{0.9985}$Bi$_{0.0015}$,polycrystalline,700.0003348,-2.802719442,2.99E-03,0.636122931,3.29,-217
Ba$_{8}$Ga$_{18}$Ge$_{28}$,polycrystalline,1000.000664,-2.133712661,9.63E-04,0.962666667,1,-266
WO$_{2.9}$,polycrystalline,1000.000669,-2.930953826,3.77E-04,0.104674177,3.601,-66.47
Ca$_{2.94}$Na$_{0.06}$AlSb$_{3}$,polycrystalline,700.0008186,-1.860120914,3.93E-04,0.320208123,0.86,233
Ba$_{0.6}$Sr$_{0.4}$PbO$_{3}$,polycrystalline,400.0004969,-2.895499232,2.07E-04,0.035093259,2.36416,-51.37
Ca$_{2.7}$Bi$_{0.3}$Co$_{4}$O$_{9}$,polycrystalline,300.000175,-1.98505965,1.77E-04,0.026569797,2,135.4
La$_{3}$Te$_{3.35}$Bi$_{0.65}$,polycrystalline,400.0009382,-2.271646218,9.03E-05,0.019734436,1.83,-69.5
Fe$_{1.96}$Ti$_{0.04}$O$_{3}$,polycrystalline,300.0003232,-0.424353959,3.57E-05,0.001368757,7.82,-366.46
Zr$_{0.5}$Hf$_{0.5}$NiSn,polycrystalline,700.0004398,-2.664209234,2.57E-03,0.549896257,3.274,-236.062
CuCr$_{0.97}$Mg$_{0.03}$O$_{2}$,polycrystalline,300.0005942,-0.992529611,3.89E-05,0.001636395,7.1396,199.047
Tl$_{0.01}$Pb$_{0.99}$Te,polycrystalline,700.0005114,-2.059121588,1.20E-03,0.871875767,0.965347,323.94
NaCo$_{2}$O$_{4}$,polycrystalline,700.0007105,-2.468521083,7.62E-04,0.254977376,2.093,161
Ba$_{7}$SrAl$_{16}$Si$_{30}$,polycrystalline,300.0001465,-3.230446185,1.20E-04,0.015529759,2.31,-26.52
Zn$_{0.98}$Al$_{0.02}$O,polycrystalline,1000.000982,-2.739999966,1.68E-03,0.212496077,7.92,-175
Na$_{0.02}$PbTe$_{0.75}$Se$_{0.25}$,polycrystalline,1000.000536,-2.702756136,1.96E-03,1.636067789,1.19643,197
Ca$_{0.9}$Tb$_{0.1}$MnO$_{3}$,polycrystalline,700.0006262,-1.814452179,1.00E-04,0.039875867,1.75635,-123.85
Zr$_{0.99}$Nb$_{0.01}$NiSn,polycrystalline,400.0006099,-2.906456799,2.88E-03,0.140320851,8.2117,-189.025
Zr$_{0.15}$Hf$_{0.15}$Ti$_{0.7}$NiSn,polycrystalline,700.0008641,-2.8294772,4.58E-03,1.016372274,3.157,-260.541
SrDy$_{0.08}$Ti$_{0.92}$O$_{3}$,polycrystalline,300.0007257,-2.017033322,2.57E-05,0.001837111,4.195,-49.7
SrTi$_{0.8}$Nb$_{0.2}$O$_{3}$,polycrystalline,300.0002287,-2.838219165,1.87E-04,0.005392806,10.42,-52.14
CuCr$_{0.98}$Mg$_{0.02}$O$_{2}$,polycrystalline,400.0000876,-0.244722901,1.94E-05,0.001155855,6.7086,332.182
In$_{1.9}$Ge$_{0.1}$O$_{3}$,polycrystalline,700.0001642,-2.761903692,5.02E-04,0.108354634,3.24419,-93.2129
La$_{3}$Te$_{3.65}$Sb$_{0.35}$,polycrystalline,400.0008639,-2.863279433,2.46E-04,0.047679116,2.06,-58
Mo$_{6}$Te$_{7}$S,polycrystalline,300.0008144,-3.115204636,1.46E-06,0.000158231,2.77301,3.34933
ZrNiSn$_{0.98}$Sb$_{0.02}$,polycrystalline,400.0007791,-3.20481541,3.01E-03,0.151338494,7.95,-137
Ca$_{0.9}$Ho$_{0.1}$MnO$_{3}$,polycrystalline,1000.000255,-1.936306442,1.13E-04,0.0770762,1.470944215,-114.58
NbCo$_{1.10}$Sn,single crystal,1000.00068,-2.615535472,1.64E-03,0.242232068,6.77258,-199.4
CaMnO$_{3}$,polycrystalline,400.0004407,0.466137,1.03E-05,0.001247231,3.30607,-549.12
CaYb$_{0.15}$Mn$_{0.85}$O$_{3}$,polycrystalline,300.0006039,-2.473473344,4.35E-05,0.007932122,1.64488,-38.2353
Ca$_{3}$Co$_{4}$O$_{9}$,polycrystalline,300.0000028,-1.971835581,1.28E-04,0.019244142,2,117
In$_{0.2}$Co$_{4}$Sb$_{12}$,polycrystalline,700.0009765,-2.668497797,3.70E-03,1.334133877,1.9414,-281.75
Cu$_{1.98}$Se,polycrystalline,700.0007521,-2.821023053,1.10E-03,0.532025577,1.45,129
Ca$_{0.9}$Ho$_{0.1}$MnO$_{3}$,polycrystalline,700.0000443,-2.008272559,1.56E-04,0.050077248,2.18525,-123.85
Na$_{0.02}$PbTe$_{0.85}$Se$_{0.15}$,polycrystalline,1000.000348,-2.687283285,2.03E-03,1.703161584,1.18929,204
Ba$_{8}$Ga$_{16}$Ge$_{30}$,polycrystalline,400.0007693,-2.515842576,1.12E-03,0.224499836,2,185
La$_{3}$Te$_{3.8}$Sb$_{0.2}$,polycrystalline,700.0003042,-3.095825632,5.70E-04,0.146638551,2.72,-67.6
SrNd$_{0.2}$Ti$_{0.8}$O$_{3}$,polycrystalline,400.0009998,-2.831229769,1.37E-04,0.011319708,4.83,-44.9
Nd$_{2}$Cu$_{0.98}$Zn$_{0.02}$O$_{4}$,polycrystalline,1000.000993,-1.430435324,1.09E-05,0.003009932,3.63,-63.68
CaMn$_{0.96}$Ru$_{0.04}$O$_{3}$,polycrystalline,1000.000111,-1.896257837,1.84E-04,0.063883122,2.88165,-152.89
Sr$_{0.61}$Ba$_{0.39}$Nb$_{2}$O$_{6}$,polycrystalline,400.0006009,-1.789792168,2.98E-04,0.059052551,2.0205,-220
Ba$_{8}$Ga$_{16}$Ge$_{30}$,single crystal,400.0003617,-3.101823517,7.11E-04,0.15891065,1.79,-75
In$_{0.2}$Co$_{4}$Sb$_{12}$,polycrystalline,400.0000975,-2.890195422,3.57E-03,0.644976838,2.21377,-214.39
Ba$_{8}$Ga$_{16}$Ge$_{30}$,single crystal,300.0003987,-3.179142011,3.78E-04,0.05839848,1.94,-50
SrNd$_{0.17}$Ti$_{0.83}$O$_{3}$,polycrystalline,400.0008041,-2.71516742,9.24E-05,0.006910325,5.35,-42.2
CuRh$_{0.9}$Mg$_{0.1}$O$_{2}$,polycrystalline,400.0007888,-2.568494711,8.67E-04,0.035498382,9.76717,153.007
Mg$_{1.95}$Ca$_{0.05}$Si,polycrystalline,300.0002182,-2.984221244,5.40E-04,0.028903981,5.6,-74.8
Tl$_{9}$BiTe$_{6}$,polycrystalline,400.0001349,-1.951946827,1.02E-03,0.999677445,0.409,337.9
Sr$_{0.61}$Ba$_{0.39}$Nb$_{2}$O$_{6}$,polycrystalline,700.0004353,-2.096910013,5.83E-04,0.187981765,2.1717,-216
Ca$_{2.7}$Na$_{0.3}$Co$_{4}$O$_{9}$,polycrystalline,300.0002917,-2.089909454,1.68E-04,0.025256458,2,117
Sr$_{0.9}$La$_{0.1}$TiO$_{3}$,polycrystalline,300.0008436,-2.582658698,3.64E-04,0.018590979,5.88,-97.6
Zn$_{4}$Sb$_{3}$,polycrystalline,300.0005337,-2.662832363,8.50E-04,0.325550215,0.783,135.898
NaCo$_{2}$O$_{4}$,single crystal,1000.000269,-3.22184875,6.67E-03,1.399413646,4.7639,200
WO$_{2.722}$,polycrystalline,300.0009476,-4.189904649,1.03E-03,0.037628248,8.177,-25.74
CuCr$_{0.99}$Mg$_{0.01}$O$_{2}$,polycrystalline,300.0007866,0.786188319,4.51E-06,0.000194341,6.9663,525.19
Ba$_{7}$SrAl$_{16}$Si$_{30}$,polycrystalline,400.0002698,-3.180238314,1.72E-04,0.029608249,2.33,-33.75
CuCr$_{0.99}$Mg$_{0.01}$O$_{2}$,polycrystalline,400.0007358,0.244947224,1.13E-05,0.000702824,6.4029,444.688
Zr$_{0.4}$Hf$_{0.4}$Ti$_{0.2}$NiSn,polycrystalline,300.0007743,-2.043679785,3.94E-04,0.030958179,3.814,-188.659
Ca$_{2.7}$Bi$_{0.3}$Co$_{4}$O$_{9}$,polycrystalline,400.0009679,-1.993277308,1.95E-04,0.041095002,1.9,140.8
Ca$_{2.85}$Na$_{0.15}$AlSb$_{3}$,polycrystalline,400.0001749,-1.728158393,1.24E-04,0.039855097,1.24,152
CaMnO$_{3}$,polycrystalline,1000.000479,-1.073657553,9.44E-05,0.0457147,2.06537,-282.213
Cu$_{4.0}$Mo$_{6}$S$_{8}$,polycrystalline,300.0005027,-3.080017111,2.75E-04,0.061143091,1.3479,47.8006
Mg$_{2}$Si$_{0.995}$Bi$_{0.005}$,polycrystalline,400.0007908,-3.402304814,1.76E-03,0.130178868,5.41,-83.5
Ca$_{4.75}$Na$_{0.25}$Al$_{2}$Sb$_{6}$,polycrystalline,400.000781,-2.2644011,4.76E-04,0.164306542,1.16,161
Fe$_{0.998}$Co$_{0.002}$Si$_{2}$,polycrystalline,300.0008709,-1.32330639,7.68E-05,0.00404932,5.69,-191
Ca$_{0.9}$Tb$_{0.1}$MnO$_{3}$,polycrystalline,300.0004899,-2.239354395,9.76E-05,0.01972878,1.48358962,-74.98
Mg$_{2}$Si$_{0.993}$Bi$_{0.007}$,polycrystalline,400.0008198,-3.458420756,1.78E-03,0.125019427,5.68,-78.6
Zn$_{4}$Sb$_{3}$,polycrystalline,300.0007746,-2.636592995,6.46E-04,0.251703686,0.77,122.133
Ca$_{2}$Co$_{2}$O$_{5}$,single crystal,1000.000117,-2.860605832,3.12E-03,1.074714975,2.9,207.27
Zr$_{0.5}$Hf$_{0.5}$NiSn$_{1.994}$Sb$_{0.006}$,polycrystalline,300.0003696,-2.93330145,3.82E-03,0.414,2.766860566,-211
Ca$_{3}$Co$_{4}$O$_{9}$,single crystal,700.0001612,-2.635824367,1.68E-03,0.372858721,3.15,197
Ni$_{2.0}$Mo$_{6}$S$_{8}$,polycrystalline,700.0007601,-3.34033951,9.49E-05,0.015683881,4.2372,20.8232
CuCr$_{0.95}$Mg$_{0.05}$O$_{2}$,polycrystalline,400.0000285,-1.262421754,1.07E-04,0.0047257,9.0158,241.265
Li$_{0.0242}$Ni$_{0.9758}$O,polycrystalline,1000.000921,-2.411796441,1.63E-04,0.063968983,2.54979,79.49
Li$_{0.0066}$Ni$_{0.9944}$O,polycrystalline,1000.000212,-1.545484018,1.50E-04,0.02826674,5.30518,206.66
SrTi$_{0.8}$Nb$_{0.2}$O$_{3}$,polycrystalline,300.0007893,-2.335518047,8.74E-05,0.003295691,7.96,-63.5492
Si$_{0.7956}$Ge$_{0.1989}$P$_{0.0055}$,polycrystalline,300.0006794,-2.931810426,1.29E-03,0.093418564,4.13947,-122.807
CaMnO$_{3}$,polycrystalline,1000.000252,-1.078796979,1.23E-04,0.058867739,2.09242,-320.53
La$_{2.99}$Te$_{4}$,polycrystalline,700.0005915,-3.095825632,4.14E-04,0.101964806,2.84,-57.6
Ti$_{0.99}$Nb$_{0.01}$NiSn,polycrystalline,400.000563,-2.906543643,2.99E-03,0.203822375,5.8617,-192.458
CaGd$_{0.96}$Mn$_{0.04}$O$_{3}$,polycrystalline,700.0008281,-1.933053272,2.56E-04,0.13283632,1.34638,-172.65
Si$_{0.79936}$Ge$_{0.19984}$B$_{0.0008}$,polycrystalline,700.0007207,-2.660655903,2.02E-03,0.369646753,3.81657,209.823
SrDy$_{0.08}$Ti$_{0.92}$O$_{3}$,polycrystalline,1000.00029,-2.079181263,4.41E-04,0.148325495,2.97,-191.6
Mg$_{2}$Si$_{0.997}$Bi$_{0.003}$,polycrystalline,400.0009399,-3.266802735,1.89E-03,0.15845229,4.76,-101
ZrNiSn,polycrystalline,300.0005179,-1.502822999,3.98E-04,0.011778524,10.1428,-353.714
Na$_{0.02}$PbTe$_{0.75}$Se$_{0.25}$,polycrystalline,300.0001309,-3.290393422,6.75E-04,0.075096639,2.69643,58.81
Zr$_{0.98}$Nb$_{0.02}$NiSn,polycrystalline,700.0004738,-3.058513413,4.29E-03,0.465705367,6.4517,-193.681
Tl$_{2}$SnTe$_{5}$,polycrystalline,300.0000311,-2.363512104,6.14E-04,0.027271234,6.75,163
Fe$_{1.96}$Sn$_{0.04}$O$_{3}$,polycrystalline,1000.000665,-1.059040586,1.20E-04,0.038917217,3.08,-323.46
Mg$_{2}$Si$_{0.6}$Ge$_{0.4}$Ag$_{0.02}$,polycrystalline,1000.000058,-2.2644011,9.22E-04,0.265043949,3.48,224
Ba$_{8}$Ga$_{16}$Ge$_{30}$,single crystal,300.0009645,-3.180456064,2.77E-04,0.04894993,1.7,-42.79
Sr$_{2}$Ti$_{0.8}$Nb$_{0.2}$O$_{4}$,polycrystalline,400.0008115,-2.246498599,8.06E-05,0.008981679,3.59,-67.6
Zr$_{0.95}$Nb$_{0.05}$NiSn,polycrystalline,700.0003256,-3.324498449,3.53E-03,0.370509064,6.6684,-129.304
Ba$_{8}$Au$_{5.14}$Si$_{39.51}$,polycrystalline,700.000179,-2.542118103,3.36E-04,0.096098183,2.45,-98.25
SrNd$_{0.24}$Ti$_{0.76}$O$_{3}$,polycrystalline,700.0000125,-2.729974377,3.50E-04,0.06510758,3.76,-80.7
La$_{3}$Te$_{3.35}$Sb$_{0.65}$,polycrystalline,700.000908,-2.142064735,3.52E-04,0.210575803,1.17,-159.3
Fe$_{1.3}$Mo$_{6}$S$_{8}$,polycrystalline,300.000078,-3.187086643,7.88E-05,0.015874132,1.4885,22.6264
Sr$_{0.147}$Ga$_{0.298}$Ge$_{0.555}$,polycrystalline,300.0009456,-2.581698709,9.05E-04,0.223320108,1.216,-154
Si$_{0.7956}$Ge$_{0.1989}$P$_{0.0055}$,polycrystalline,700.0006589,-2.711632265,2.74E-03,0.51588803,3.72337,-230.877
NaCo$_{2}$O$_{4}$,polycrystalline,1000.000021,-2.397940009,7.66E-04,0.344302289,2.2237,175
Nd$_{2}$Cu$_{0.98}$Ni$_{0.02}$O$_{4}$,polycrystalline,700.0007246,-1.665216632,4.49E-05,0.005984998,5.25,-98.5
Mg$_{1.95}$Ca$_{0.05}$Si,polycrystalline,700.000565,-2.592779107,9.17E-04,0.168840415,3.8,-153
Zr$_{0.5}$Hf$_{0.5}$NiSn$_{1.998}$Sb$_{0.002}$,polycrystalline,700.0004811,-2.811352704,6.10E-03,1.45,2.946859925,-307
Sr$_{0.61}$Ba$_{0.39}$Nb$_{2}$O$_{6}$,single crystal,700.0006948,-2.853871964,2.89E-03,0.930169913,2.1717,-201
CaYb$_{0.05}$Mn$_{0.95}$O$_{3}$,polycrystalline,400.0007491,-1.974305083,1.47E-04,0.039848239,1.47173,-124.72
Ca$_{2}$Co$_{2}$O$_{5}$,single crystal,400.000293,-2.833667591,1.38E-03,0.23521233,2.35,142.36
CeFe$_{4}$Sb$_{12}$,polycrystalline,400.0008405,-3.077793723,6.85E-04,0.174640844,1.57,75.7
Ca$_{3}$AlSb$_{3}$,polycrystalline,1000.000194,-0.948076084,6.25E-05,0.090317483,0.692,265.4
CeFe$_{3.5}$Co$_{0.5}$Sb$_{13}$,polycrystalline,400.0007649,-3.01278077,1.18E-03,0.198167011,2.38,107
Zr$_{0.35}$Hf$_{0.35}$Ti$_{0.3}$NiSn,polycrystalline,400.0002952,-2.255510651,2.59E-03,0.365565734,2.837,-379.426
Mg$_{2}$Si$_{0.6}$Ge$_{0.4}$Ag$_{0.02}$,polycrystalline,300.0003496,-1.289882635,1.80E-06,0.000131668,4.11,30.42
In$_{2}$O$_{3}$,polycrystalline,700.0006364,-1.710317421,2.10E-04,0.038004955,3.86562,-202.219
CaYb$_{0.1}$Mn$_{0.9}$O$_{3}$,polycrystalline,300.0007096,-2.409026716,7.15E-05,0.012433026,1.72527,-52.8011
In$_{0.2}$Co$_{4}$Sb$_{12}$,polycrystalline,300.0002628,-2.945249096,3.26E-03,0.380118325,2.57047,-192.21
Nd$_{2}$CuO$_{4}$,polycrystalline,400.000309,0.334783368,1.77E-05,0.000516571,13.7,-618.43
NaCo$_{2}$O$_{4}$,polycrystalline,300.0005294,-2.675717545,5.14E-04,0.080921257,1.904,104
AgCrSe$_{2}$,polycrystalline,700.0002806,-1.483327154,2.86E-04,0.974581824,0.2056,306.696
Pb$_{0.96}$Sr$_{0.4}$TeNa$_{0.2}$,polycrystalline,400.0006089,-3.073351494,1.94E-03,3.65E-01,2.13E+00,128
Ca$_{0.9}$Nd$_{0.1}$MnO$_{3}$,polycrystalline,400.0002084,-1.923213966,6.83E-05,0.01132081,2.41307,-90.28
Bi$_{1.2}$S$_{1.2}$Ti$_{2}$S$_{4}$,polycrystalline,300.0002365,-3.48945499,5.26E-04,0.053719136,2.94,-41.3
Sr$_{0.146}$Ga$_{0.285}$Ge$_{0.569}$,polycrystalline,300.0006089,-2.71219827,8.45E-04,0.239019646,1.06,-128
Bi$_{2}$Te$_{3}$,single crystal,300.0008525,-3.259637311,4.77E-03,0.975,1.468195804,162
Sr$_{3}$Ti$_{1.6}$Nb$_{0.4}$O$_{7}$,polycrystalline,400.0003072,-2.66275784,1.50E-04,0.015454418,3.89,-57.16
In$_{0.2}$Co$_{4}$Sb$_{12}$,polycrystalline,700.0003401,-2.796401484,3.83E-03,1.385962072,1.93658,-247.54
Sm$_{0.5}$Ca$_{0.5}$MnO$_{3}$,polycrystalline,300.0004932,-2.01988068,1.11E-05,0.001753013,1.9,-32.5663
La$_{0.98}$Sr$_{0.02}$CoO$_{3}$,polycrystalline,300.0008112,-1.160000001,1.57E-04,0.026234732,1.8,330
In$_{1.94}$Ge$_{0.06}$O$_{3}$,polycrystalline,400.0004342,-3.001984039,3.69E-04,0.02235983,6.6037,-60.6186
NaCo$_{2}$O$_{4}$,single crystal,700.0006515,-3.315154638,4.40E-03,0.540286341,5.7025,146
Ca$_{0.9}$Bi$_{0.1}$MnO$_{3}$,polycrystalline,300.0009021,-2.431143337,1.84E-04,0.015401826,3.5909,-82.6524
CuCr$_{0.99}$Mg$_{0.01}$O$_{2}$,polycrystalline,1000.00081,-0.436533154,5.43E-05,0.01097686,4.9475,445.826
CeFe$_{3}$CoSb$_{12}$,polycrystalline,300.0006055,-2.832027287,5.09E-04,0.1113909,1.37,86.5388
Ba$_{8}$Ga$_{16}$Ge$_{30}$,single crystal,1000.000235,-2.699839463,2.00E-03,1.401404207,1.43,-200
ZrNiSn$_{0.98}$Sb$_{0.02}$,polycrystalline,300.00097,-3.223298816,2.14E-03,0.075362975,8.5,-113
SrNd$_{0.17}$Ti$_{0.83}$O$_{3}$,polycrystalline,1000.000752,-2.378397944,4.81E-04,0.141466893,3.397,-141.8
Li$_{0.0242}$Ni$_{0.9758}$O,polycrystalline,700.000786,-2.312868863,1.23E-04,0.024636562,3.49599,77.37
Ca$_{2.97}$Na$_{0.03}$AlSb$_{3}$,polycrystalline,1000.000194,-1.764471553,4.81E-04,0.717253124,0.67,287.5
Pb$_{0.98}$TeNa$_{0.2}$,polycrystalline,400.0004264,-3.23954962,1.91E-03,2.41E-01,3.18E+00,105
SrNd$_{0.24}$Ti$_{0.76}$O$_{3}$,polycrystalline,1000.000402,-2.495544362,4.81E-04,0.14946236,3.22,-124
CaYb$_{0.15}$Mn$_{0.85}$O$_{3}$,polycrystalline,700.0008015,-2.317299995,7.72E-05,0.032386419,1.66961,-60.9944
In$_{1.985}$Ge$_{0.015}$O$_{3}$,polycrystalline,1000.000469,-2.843254037,8.20E-04,0.231919011,3.53581,-108.464
CaMnO$_{3}$,polycrystalline,300.000097,0.843568978,3.26E-06,0.000326866,2.9898,-476.683
La$_{3}$Te$_{3.65}$Sb$_{0.35}$,polycrystalline,300.0000358,-2.958607315,2.55E-04,0.037370288,2.05,-53
Zn$_{4}$Sb$_{3}$,polycrystalline,400.0000233,-2.573518018,8.24E-04,0.44564167,0.74,148.361
Ti$_{0.98}$Nb$_{0.02}$NiSn,polycrystalline,300.0000775,-3.18447538,3.00E-03,0.121054378,7.4261,-139.982
Ca$_{0.7}$Ho$_{0.3}$MnO$_{3}$,polycrystalline,700.0008218,-2.424025132,6.90E-05,0.03408846,1.416678012,-50.98
Ba$_{8}$Ga$_{16}$Ge$_{30}$,polycrystalline,300.0005494,-3.106793247,3.15E-04,0.062217051,1.52,-49.65
La$_{3}$Te$_{3.8}$Sb$_{0.2}$,polycrystalline,300.0003469,-3.27572413,3.82E-04,0.047719668,2.402,-45
Pb$_{1.8}$S$_{1.8}$Ti$_{2}$S$_{4}$,polycrystalline,700.000131,-2.66274046,7.64E-04,0.274353006,1.95,-128.9
Ca$_{3}$Co$_{4}$O$_{9}$,single crystal,300.0003308,-2.705313376,7.99E-04,0.068299098,3.51,125.5
Ca$_{0.7}$Y$_{0.3}$MnO$_{3}$,polycrystalline,400.0005279,-2.187615468,2.67E-05,0.00727684,1.46749541,-41.63
La$_{0.8}$Sr$_{0.2}$CoO$_{3}$,polycrystalline,300.0004623,-3.330000131,9.72E-05,0.00788839,3.69579,21.32
Mg$_{2}$Si$_{0.999}$Bi$_{0.001}$,polycrystalline,400.0000616,-2.768020973,1.58E-03,0.111175665,5.7,-164.4
CaGd$_{0.94}$Mn$_{0.06}$O$_{3}$,polycrystalline,1000.000439,-2.05230142,2.36E-04,0.121469186,1.94512,-144.73
Ag$_{9}$TlTe$_{5}$,polycrystalline,300.0001645,-0.594482893,5.92E-05,0.088764151,0.2,388
Ba$_{8}$Ga$_{18}$Ge$_{28}$,polycrystalline,300.0001816,-2.109914473,8.02E-05,0.01603609,1.5,-78.9
CuCr$_{0.95}$Mg$_{0.05}$O$_{2}$,polycrystalline,700.0001993,-1.390781359,1.95E-04,0.0168798,8.0871,281.605
CuCr$_{0.95}$Mg$_{0.05}$O$_{2}$,polycrystalline,1000.000139,-1.389335579,2.60E-04,0.037136033,6.9878,325.387
SrNb$_{0.15}$Ti$_{0.85}$O$_{3}$,polycrystalline,1000.000504,-1.612154208,1.28E-04,0.041526869,3.078,-176.694
NbCo$_{1.10}$Sn,single crystal,700.0003829,-2.73449823,1.94E-03,0.218130295,6.23152,-189.172
Fe$_{0.978}$Co$_{0.00196}$Si$_{1.96}$Y$_{0.04}$O$_{0.06}$,polycrystalline,700.0003096,-1.619788758,3.43E-04,0.060820992,3.95,-287
Ca$_{0.9}$Tb$_{0.1}$MnO$_{3}$,polycrystalline,1000.000402,-1.735271878,9.19E-05,0.049893485,1.84225,-130.04
AgCrSe$_{2}$,polycrystalline,400.0001961,-1.395554694,2.24E-04,0.224057186,0.3998,300.119
CaMn$_{0.98}$Nb$_{0.02}$O$_{3}$,polycrystalline,700.0007593,-1.547324402,1.94E-04,0.083293437,1.63069,-234.57
ZnO,polycrystalline,700.0009809,0.251881455,6.09E-06,0.000291113,14.65,-329.869
Ca$_{2.97}$Na$_{0.03}$AlSb$_{3}$,polycrystalline,400.0001352,-1.336299075,5.89E-05,0.019004296,1.24,164.8
NaCo$_{2}$O$_{4}$,polycrystalline,400.0005451,-2.596879479,5.51E-04,0.120081428,1.834,118
Ca$_{0.9}$Yb$_{0.1}$MnO$_{3}$,polycrystalline,700.0006716,-2.222531853,2.56E-04,0.111359887,1.60943,-123.85
Zr$_{0.5}$Hf$_{0.5}$NiSn$_{1.998}$Sb$_{0.002}$,polycrystalline,300.0007562,-2.618343517,2.60E-03,0.2697,2.887113404,-250
SrNb$_{0.15}$Ti$_{0.85}$O$_{3}$,polycrystalline,700.000658,-1.258177363,1.81E-05,0.003633236,3.49,-99.982
TiNiSn,polycrystalline,700.000905,-2.55892683,2.36E-03,0.362358717,4.5516,-255.058
Sr$_{0.61}$Ba$_{0.39}$Nb$_{2}$O$_{6}$,polycrystalline,300.0000826,-1.208441357,7.82E-05,0.014075777,1.667,-220
Mg$_{2}$Si$_{0.995}$Bi$_{0.005}$,polycrystalline,700.0002863,-3.2069084,2.37E-03,0.385970744,4.29,-121.2
Zr$_{0.95}$Nb$_{0.05}$NiSn,polycrystalline,300.0005462,-3.472049329,1.81E-03,0.061376527,8.8594,-78.184
NbCo$_{1.05}$Sn,single crystal,1000.000413,-2.525906172,2.11E-03,0.27533795,7.6719,-250.86
Ca$_{5}$Al$_{2}$Sb$_{6}$,polycrystalline,300.0002625,-0.339988779,4.83E-05,0.009414235,1.54,470
Ca$_{0.9}$Ho$_{0.1}$MnO$_{3}$,polycrystalline,400.0009055,-2.156074275,1.17E-04,0.022586208,2.06759,-90.28
Mo$_{6}$Te$_{7}$S,polycrystalline,400.000958,-3.106238238,3.84E-06,0.00049533,3.09729,5.48011
Nd$_{2}$CuO$_{4}$,polycrystalline,700.0003054,-1.613042904,4.08E-05,0.006813229,4.19,-99.7
Ca$_{0.7}$Tb$_{0.3}$MnO$_{3}$,polycrystalline,400.0008214,-2.259683111,3.58E-05,0.00976228,1.465854004,-44.36
Mg$_{2}$Si$_{0.6}$Ge$_{0.4}$Bi$_{0.02}$,polycrystalline,700.0006308,-2.863279433,2.27E-03,0.817687862,1.94,-176.2
CaYb$_{0.15}$Mn$_{0.85}$O$_{3}$,polycrystalline,400.0003868,-2.444826926,6.73E-05,0.017140379,1.57067,-49.1597
Sr$_{2}$Ti$_{0.8}$Nb$_{0.2}$O$_{4}$,polycrystalline,1000.000613,-1.875061274,2.09E-04,0.108941406,1.92,-167
Pb$_{0.98}$Sr$_{0.2}$TeNa$_{0.1}$,polycrystalline,400.0005777,-3.150756305,1.94E-03,3.47E-01,2.23E+00,117
Yb$_{14}$MnSb$_{11}$,single crystal,700.0004171,-2.460522427,3.97E-04,0.340484029,0.816,117.242
Zn$_{4}$Sb$_{3}$,polycrystalline,400.0007769,-2.60786606,9.75E-04,0.524900307,0.743,155.085
In$_{1.998}$Ge$_{0.002}$O$_{3}$,polycrystalline,400.0000727,-2.628969101,4.77E-04,0.027820846,6.85319,-105.832
Sn$_{1.2}$S$_{1.2}$Ti$_{2}$S$_{4}$,polycrystalline,700.0001481,-2.66274046,9.12E-04,0.377708802,1.69,-140.8
CeFe$_{4}$Sb$_{12}$,polycrystalline,300.0004195,-3.112945622,4.39E-04,0.085031756,1.55,58.2
CaYb$_{0.1}$Mn$_{0.9}$O$_{3}$,polycrystalline,700.0000037,-2.211385539,1.17E-04,0.050580993,1.61396,-84.6639
Mg$_{2}$Si,polycrystalline,300.0003696,-2.914352712,2.60E-03,0.107640564,7.25,-178
Zn$_{0.9975}$Al$_{0.0025}$O,polycrystalline,1000.000701,-1.91110433,8.14E-04,0.426280342,1.9089,-316
Na$_{0.02}$PbTe$_{0.75}$Se$_{0.25}$,polycrystalline,700.0008088,-2.786997859,2.58E-03,1.392715388,1.29643,205.24
Ca$_{3}$Co$_{4}$O$_{9}$,polycrystalline,1000.000826,-2.0473044,3.49E-04,0.19962406,1.75,177
CuCr$_{0.98}$Mg$_{0.02}$O$_{2}$,polycrystalline,300.0004081,0.019211866,9.29E-06,0.000368593,7.5581,311.548
NbCo$_{1.10}$Sn,single crystal,300.0003616,-2.95458313,1.54E-03,0.07963356,5.80227,-130.766
Ca$_{2.94}$Na$_{0.06}$AlSb$_{3}$,polycrystalline,1000.000453,-1.872895202,5.12E-04,0.73390925,0.698,262
Ba$_{8}$Ga$_{18}$Ge$_{28}$,polycrystalline,700.000144,-2.129713171,6.47E-04,0.411440231,1.1,-219
Li$_{0.0024}$Ni$_{0.9976}$O,polycrystalline,700.0004729,-0.580230234,2.37E-05,0.001458067,11.391,249.75
In$_{0.1}$Co$_{4}$Sb$_{12}$,polycrystalline,300.0002747,-2.534569557,2.27E-03,0.310801835,2.18825,-257.3
In$_{0.05}$Co$_{4}$Sb$_{12}$,polycrystalline,700.0003163,-2.073918517,1.33E-03,0.594360115,1.56386,-334.67
Cu$_{4.0}$Mo$_{6}$S$_{8}$,polycrystalline,1000.000304,-2.661772667,8.12E-04,0.39819721,2.0386,132.993
Bi$_{2}$Sr$_{2}$Co$_{2}$O$_{8}$,single crystal,1000.000969,-2.435546993,2.35E-03,1.191133093,1.9731,293.62
Pb$_{0.98}$TeNa$_{0.2}$,polycrystalline,700.0009352,-2.647383019,2.47E-03,1.20E+00,1.44E+00,236
Zr$_{0.5}$Hf$_{0.5}$NiSn,polycrystalline,700.0004697,-2.626850672,2.40E-03,0.539,3.113096927,-237.912
Li$_{0.0024}$Ni$_{0.9976}$O,polycrystalline,1000.000566,-1.331573051,1.48E-04,0.017497599,8.44401,262.41
Ca$_{4.75}$Na$_{0.25}$Al$_{2}$Sb$_{6}$,polycrystalline,300.0002058,-2.295849483,4.02E-04,0.083262737,1.45,142.7
Ag$_{0.15}$Sb$_{0.15}$Te$_{1.15}$Ge$_{0.85}$,single crystal,300.0007357,-3.158491618,8.91E-04,0.178443558,1.49875,78.67
Pb$_{0.98}$Sr$_{0.2}$TeNa$_{0.1}$,polycrystalline,700.0001163,-2.521138111,2.30E-03,1.56E+00,1.03E+00,263
Ba$_{8}$Au$_{6.10}$Si$_{38.97}$,polycrystalline,700.0008815,-3.102922997,7.49E-04,0.177710375,2.95,76.87
Sr$_{0.9}$Y$_{0.1}$TiO$_{3}$,polycrystalline,1000.000254,-2.179535809,7.86E-04,0.174659813,4.5,-228
Ca$_{0.9}$Ho$_{0.1}$MnO$_{3}$,polycrystalline,1000.000134,-1.903089987,1.35E-04,0.060406906,2.23936,-130.04
SrNd$_{0.2}$Ti$_{0.8}$O$_{3}$,polycrystalline,700.0002035,-2.709269961,4.56E-04,0.092574824,3.45,-94.4
Zn$_{0.98}$Al$_{0.02}$O,polycrystalline,700.0006662,-2.830000114,1.99E-03,0.112228538,12.4,-171.48
Zr$_{0.5}$Hf$_{0.5}$NiSn,polycrystalline,300.0002819,-2.011090271,3.28E-04,0.024064225,4.087,-178.765
Zn$_{4}$Sb$_{3}$,polycrystalline,300.0000807,-2.672448997,7.57E-04,0.298944741,0.76,126.887
NbCoSn,single crystal,700.000062,-2.692420534,1.39E-03,0.099979863,9.74108,-168.074
Tl$_{9}$BiTe$_{6}$,polycrystalline,300.0001518,-2.192464972,1.02E-03,0.636679814,0.481,256
SrTi$_{0.8}$Nb$_{0.2}$O$_{3}$,polycrystalline,1000.000489,-2.249790083,4.73E-04,0.185091706,2.555,-163.115
Cu$_{2}$Se,polycrystalline,300.0003587,-3,8.10E-04,0.250515464,0.97,90
In$_{0.3}$Co$_{4}$Sb$_{12}$,polycrystalline,400.0008247,-2.746327678,3.41E-03,0.631923014,2.15872,-247.31
Ca$_{0.7}$Y$_{0.3}$MnO$_{3}$,polycrystalline,300.0009847,-2.117673017,2.27E-05,0.00379719,1.793253904,-41.61
SrNd$_{0.2}$Ti$_{0.8}$O$_{3}$,polycrystalline,1000.000608,-2.40312054,4.96E-04,0.155117618,3.1968,-140
Sr$_{0.9}$La$_{0.1}$TiO$_{3}$,polycrystalline,1000.000392,-2.10058762,6.16E-04,0.195461682,3.15,-221
BaPbO$_{3}$,polycrystalline,400.0005135,-3.292933386,2.01E-04,0.019323409,4.15607,-31.98
Mg$_{2}$Si$_{0.997}$Bi$_{0.003}$,polycrystalline,300.0008615,-3.311580178,1.20E-03,0.058556925,6.16,-76.6
Sr$_{0.61}$Ba$_{0.39}$Nb$_{2}$O$_{6}$,single crystal,300.0007003,-2.548830916,3.02E-04,0.054370144,1.667,-92.4
Fe$_{1.94}$Ti$_{0.06}$O$_{3}$,polycrystalline,1000.000152,-1.239852317,1.51E-04,0.045042023,3.35,-294.72
Ba$_{0.6}$Sr$_{0.4}$PbO$_{3}$,polycrystalline,300.000825,-2.884053498,1.35E-04,0.017568967,2.30636,-42
CaMnO$_{3}$,polycrystalline,400.000265,0.457854546,7.41E-06,0.00093196,3.1783,-460.992
Pb$_{0.96}$Sr$_{0.4}$TeNa$_{0.2}$,polycrystalline,700.0006125,-2.673020958,2.69E-03,1.60E+00,1.18E+00,239
Ca$_{0.9}$Ho$_{0.1}$MnO$_{3}$,polycrystalline,700.0001059,-2.022406703,1.08E-04,0.04998035,1.518351106,-101.47
Mo$_{3}$Te$_{4}$,polycrystalline,1000.000633,-3.140861703,7.91E-05,0.014946413,5.29114,23.9118
CaYb$_{0.05}$Mn$_{0.95}$O$_{3}$,polycrystalline,300.0006738,-2.036607466,1.30E-04,0.026137018,1.49028,-109.244
La$_{2.99}$Te$_{4}$,polycrystalline,300.0009639,-3.214670165,2.74E-04,0.03339378,2.46,-40.87
Cu$_{4.0}$Mo$_{6}$S$_{8}$,polycrystalline,400.0003302,-2.989276135,3.70E-04,0.103404799,1.4306,61.5689
Ag$_{9}$TlTe$_{5}$,polycrystalline,700.0005604,-1.578396073,3.66E-04,1.282285985,0.2,311
Si$_{0.79936}$Ge$_{0.19984}$B$_{0.0008}$,polycrystalline,300.0000372,-2.875036292,1.22E-03,0.08445088,4.33976,127.631
Zr$_{0.25}$Hf$_{0.25}$Ti$_{0.5}$NiSn,polycrystalline,300.0006388,-2.322623029,2.04E-03,0.199889676,3.0626,-311.579
Zr$_{0.99}$Nb$_{0.01}$NiSn,polycrystalline,1000.000388,-2.91557602,3.66E-03,0.603500311,6.0617,-210.789
Ca$_{0.9}$Nd$_{0.1}$MnO$_{3}$,polycrystalline,700.0009882,-1.759308506,8.81E-05,0.02553619,2.41558,-123.85
Ca$_{0.9}$Tb$_{0.1}$MnO$_{3}$,polycrystalline,400.0000739,-1.9684017,7.58E-05,0.019099891,1.5871,-90.28
Sr$_{0.9}$La$_{0.1}$TiO$_{3}$,polycrystalline,400.0001014,-2.782431048,8.01E-04,0.060708962,5.28,-115
CuCr$_{0.95}$Mg$_{0.05}$O$_{2}$,polycrystalline,300.0005527,-1.122355722,5.74E-05,0.001808913,9.5221,208.131
NbCoSn,single crystal,1000.000746,-2.586651611,1.22E-03,0.122572444,9.92664,-177.53
Mo$_{3}$Te$_{4}$,polycrystalline,700.0007072,-3.145693958,3.84E-05,0.006030526,4.45197,16.5599
Mg$_{2}$Si$_{0.997}$Bi$_{0.003}$,polycrystalline,700.0002786,-3.031984286,2.52E-03,0.499678292,3.53,-153
Ca$_{2.7}$Na$_{0.3}$Co$_{4}$O$_{9}$,polycrystalline,1000.000279,-2.13768969,4.65E-04,0.226762625,2.05,184
Li$_{0.0066}$Ni$_{0.9944}$O,polycrystalline,700.0009461,-1.500026419,1.27E-04,0.014790072,6.0105,200.39
CaGd$_{0.96}$Mn$_{0.04}$O$_{3}$,polycrystalline,300.0006328,-1.827769122,1.77E-04,0.029786338,1.78652,-162.39
Ca$_{3}$Co$_{4}$O$_{9}$,single crystal,400.0000336,-2.663140179,1.06E-03,0.123544724,3.444,152
Fe$_{0.998}$Co$_{0.002}$Si$_{2}$,polycrystalline,700.0004426,-1.910094889,2.65E-04,0.037881951,4.9,-180.6
Ca$_{2.4}$Na$_{0.3}$Bi$_{0.3}$Co$_{4}$O$_{9}$,polycrystalline,300.0007383,-2.028863371,1.86E-04,0.027932029,2,132
Si$_{0.7956}$Ge$_{0.1989}$P$_{0.0055}$,polycrystalline,400.0003212,-2.874398385,1.69E-03,0.159453467,4.22929,-150.045
Zn$_{4}$Sb$_{3}$,polycrystalline,400.000437,-2.600430106,1.03E-03,0.550827792,0.75,160.988
Mg$_{2}$Si$_{0.9985}$Bi$_{0.0015}$,polycrystalline,400.000992,-3.044793462,2.46E-03,0.194186052,5.07,-149
Ca$_{0.98}$Bi$_{0.02}$Mn$_{0.98}$Nb$_{0.02}$O$_{3}$,polycrystalline,1000.000842,-1.574499999,1.58E-04,0.091024352,1.73598,-205.16
In$_{1.8}$Ge$_{0.2}$O$_{3}$,polycrystalline,400.0009257,-2.553571575,1.47E-04,0.022462541,2.61135,-64.0245
Ca$_{5}$Al$_{2}$Sb$_{6}$,polycrystalline,400.0007444,-0.388276692,5.24E-05,0.017044865,1.23,463
Cu$_{1.98}$Se,polycrystalline,300.0001991,-3.218244625,6.44E-04,0.154463207,1.25,62.4
CaMnO$_{3}$,polycrystalline,400.0008619,-0.336358429,7.81E-05,0.010513925,2.97299,-600.16
Ca$_{0.9}$Bi$_{0.1}$MnO$_{3}$,polycrystalline,400.0008731,-2.398309859,2.54E-04,0.032308362,3.1467,-100.786
Si$_{0.8}$Ge$_{0.2}$,polycrystalline,1000.000728,-2.604823058,2.16E-03,0.845526008,2.55469,231.64
Ca$_{4.95}$Na$_{0.05}$Al$_{2}$Sb$_{6}$,polycrystalline,400.0007967,-1.649751982,2.16E-04,0.071958348,1.2,219.9
Nd$_{2}$Cu$_{0.98}$Zn$_{0.02}$O$_{4}$,polycrystalline,400.0006558,-0.85217533,6.17E-05,0.002221923,11.1,-294.38
Cu$_{2}$Se,polycrystalline,700.0001094,-2.37675071,9.62E-04,0.735901639,0.915,201
Zr$_{0.4}$Hf$_{0.4}$Ti$_{0.2}$NiSn,polycrystalline,400.0004579,-2.291192571,1.07E-03,0.127573719,3.345,-233.589
Pb$_{0.98}$TeNa$_{0.2}$,polycrystalline,300.0001552,-3.380030613,9.83E-04,6.87E-02,4.29E+00,64
In$_{1.994}$Ge$_{0.006}$O$_{3}$,polycrystalline,1000.000351,-2.773810097,8.46E-04,0.242294205,3.48967,-119.305
Zr$_{0.35}$Hf$_{0.35}$Ti$_{0.3}$NiSn,polycrystalline,700.0009447,-2.641886139,5.31E-03,1.263615091,2.942,-348.046
La$_{2.74}$Te$_{4}$,polycrystalline,400.0002477,-2.571865206,2.96E-04,0.101046052,1.17,-89
Mg$_{2}$Si$_{0.993}$Bi$_{0.007}$,polycrystalline,700.000385,-3.244887734,2.75E-03,0.436870906,4.4,-125
Zn$_{0.99}$Al$_{0.01}$O,polycrystalline,700.0008539,-2.399999968,8.34E-04,0.043166624,13.525,-182.219
Ba$_{0.4}$Sr$_{0.6}$PbO$_{3}$,polycrystalline,400.0007358,-2.403316054,2.35E-04,0.044149795,2.13295,-96.44
Ba$_{0.8}$Sr$_{0.2}$PbO$_{3}$,polycrystalline,400.0003946,-3.322352904,1.93E-04,0.023313772,3.30636,-30.29
Fe$_{1.94}$Ti$_{0.06}$O$_{3}$,polycrystalline,700.0003239,-1.119925297,1.12E-04,0.018127751,4.34,-292.02
Zn$_{0.95}$Al$_{0.05}$O,polycrystalline,700.0000961,-2.680000027,1.83E-03,0.089681724,14.3,-195.646
In$_{1.9}$Ge$_{0.1}$O$_{3}$,polycrystalline,400.0005368,-2.843254037,3.00E-04,0.023546412,5.09141,-65.5729
Nd$_{2}$Cu$_{0.98}$Ni$_{0.02}$O$_{4}$,polycrystalline,1000.000468,-1.639130271,2.98E-05,0.007630344,3.902,-82.67
Ca$_{0.9}$Tb$_{0.1}$MnO$_{3}$,polycrystalline,1000.000826,-1.989483798,2.27E-04,0.141281,1.604043252,-152.37
Zn$_{0.9975}$Al$_{0.0025}$O,polycrystalline,400.0005941,-0.710963119,2.49E-05,0.003703402,2.687,-220
Zn$_{0.9975}$Al$_{0.0025}$O,polycrystalline,700.0001956,-1.184975193,1.10E-04,0.033716067,2.283,-268
Nd$_{2}$CuO$_{4}$,polycrystalline,1000.000405,-2.800000875,4.35E-05,0.011049908,3.94,26.27
Ca$_{2.85}$Na$_{0.15}$AlSb$_{3}$,polycrystalline,1000.000541,-1.903089987,4.72E-04,0.694694118,0.68,243
Tl$_{0.02}$Pb$_{0.98}$Te,polycrystalline,700.0003289,-2.270540379,2.00E-03,1.387416646,1.0099,327.66
Ca$_{0.9}$Tb$_{0.1}$MnO$_{3}$,polycrystalline,400.0008877,-2.194539243,1.38E-04,0.03507392,1.571097028,-93.82
In$_{1.994}$Ge$_{0.006}$O$_{3}$,polycrystalline,400.0002057,-3.025793756,4.14E-04,0.022990066,7.20692,-62.4767
In$_{0.25}$Co$_{4}$Sb$_{12}$,polycrystalline,400.0003939,-2.872451411,4.58E-03,0.809426937,2.26473,-247.94
Ba$_{8}$Ga$_{16}$Ge$_{30}$,polycrystalline,1000.000009,-2.651695137,9.35E-04,0.742094099,1.26,-144.4
Ca$_{0.96}$Bi$_{0.04}$Mn$_{0.96}$Nb$_{0.04}$O$_{3}$,polycrystalline,400.0001535,-2.007729993,1.33E-04,0.024563669,2.16005,-114.15
CeFe$_{3}$CoSb$_{12}$,polycrystalline,400.0005664,-2.950781977,1.44E-03,0.290927128,1.98,127
NbCo$_{1.05}$Sn,single crystal,400.0002318,-2.787759111,2.11E-03,0.120287894,7.00955,-185.373
ZrNi$_{1.98}$Cu$_{0.02}$Sn,polycrystalline,400.0001718,-2.931814138,1.58E-03,0.093139486,6.795,-136
K$_{2}$Bi$_{8}$Se$_{13}$,polycrystalline,300.0004074,-1.488604298,1.19E-04,0.027669081,1.28517,-196.16
SrNb$_{0.15}$Ti$_{0.85}$O$_{3}$,polycrystalline,300.0003819,0.700449121,3.12E-08,1.59E-06,5.88,-39.5353
Ba$_{8}$Ga$_{16}$Ge$_{30}$,polycrystalline,700.0005979,-2.793174124,7.16E-04,0.385634261,1.3,-107.38
Mg$_{2}$Si$_{0.98}$Bi$_{0.02}$,polycrystalline,1000.00067,-2.730487056,2.43E-03,0.88258266,2.75,-212.3
Zn$_{4}$Sb$_{3}$,polycrystalline,700.0001603,-2.47441493,1.02E-03,0.962807505,0.74,184.769
Ba$_{8}$Ga$_{16}$Ge$_{30}$,single crystal,700.0003097,-2.910094889,8.50E-04,0.367429842,1.62,-102.27
WO$_{2.722}$,polycrystalline,700.0008355,-3.69548793,3.62E-04,0.036878464,6.8797,-27.03
SrNd$_{0.24}$Ti$_{0.76}$O$_{3}$,polycrystalline,400.0005219,-2.742725195,5.49E-05,0.004149068,5.29,-31.5
Zn$_{4}$Sb$_{3}$,polycrystalline,700.0002141,-2.482940088,1.12E-03,1.044056216,0.75,191.811
Zn$_{0.95}$Al$_{0.05}$O,polycrystalline,1000.000023,-2.549999989,1.42E-03,0.227868794,6.23,-200.026
Na$_{0.02}$PbTe,polycrystalline,300.000135,-3.43345056,1.06E-03,0.079250912,3.99643,62.38
In$_{1.94}$Ge$_{0.06}$O$_{3}$,polycrystalline,1000.000799,-2.749999856,7.43E-04,0.242663763,3.06296,-114.967
Sr$_{0.61}$Ba$_{0.39}$Nb$_{2}$O$_{6}$,single crystal,400.0004977,-1.835241625,2.58E-04,0.050985445,2.0205,-194
La$_{3}$Te$_{3.35}$Sb$_{0.65}$,polycrystalline,400.0009172,-2.869666232,5.99E-04,0.176078649,1.36,-89.9
Ca$_{0.9}$Yb$_{0.1}$MnO$_{3}$,polycrystalline,1000.00038,-2.083297653,2.05E-04,0.128986958,1.58808,-130.04
Ni$_{2.0}$Mo$_{6}$S$_{8}$,polycrystalline,400.0008942,-3.291122099,1.64E-05,0.002820619,2.3304,9.16846
Zr$_{0.95}$Nb$_{0.05}$NiSn,polycrystalline,1000.000381,-3.231721617,3.87E-03,0.620411774,6.2417,-150.706
Tl$_{0.02}$Pb$_{0.98}$Te,polycrystalline,400.0008922,-2.536242843,1.31E-03,0.316428584,1.65594,195.21
CuCrO$_{2}$,polycrystalline,1000.000919,0.221252488,2.29E-05,0.00617642,3.7083,617.422
Ca$_{0.7}$Ho$_{0.3}$MnO$_{3}$,polycrystalline,1000.000446,-2.374081812,9.91E-05,0.061941,1.599402623,-64.7
Bi$_{1.2}$S$_{1.2}$Ti$_{2}$S$_{4}$,polycrystalline,700.0007896,-3.023191663,8.38E-04,0.277944192,2.11,-89.12
Ba$_{8}$Au$_{5.59}$Si$_{39.01}$,polycrystalline,700.0006775,-2.560667306,6.77E-04,0.19673713,2.41,136.48
Ca$_{2}$Co$_{2}$O$_{5}$,single crystal,300.0000966,-2.833194075,1.24E-03,0.162121393,2.3,135.09
La$_{2.99}$Te$_{4}$,polycrystalline,400.0006434,-3.214670165,2.84E-04,0.043562128,2.605,-41.6
ZrNi$_{0.76}$Co$_{0.004}$Cu$_{0.2}$Sn,polycrystalline,400.0007101,-2.158015195,2.43E-04,0.018352111,5.3,-130
La$_{2.74}$Te$_{4}$,polycrystalline,700.0000345,-2.37161107,5.95E-04,0.416392941,1,-159
Na$_{0.02}$PbTe,polycrystalline,400.0003798,-3.24456652,1.94E-03,0.289521835,2.675,105
Ba$_{0.4}$Sr$_{0.6}$PbO$_{3}$,polycrystalline,700.0006471,-2.454633497,3.96E-04,0.139855751,1.98266,-117.92
Ti$_{0.95}$Nb$_{0.05}$NiSn,polycrystalline,700.0009987,-3.246742593,3.77E-03,0.50190418,5.2517,-146.063
Ag$_{0.15}$Sb$_{0.15}$Te$_{1.15}$Ge$_{0.85}$,single crystal,700.0004879,-2.915970956,3.26E-03,1.384355066,1.65073,199.03
Sr$_{0.9}$La$_{0.1}$TiO$_{3}$,polycrystalline,700.0003886,-2.436646018,8.76E-04,0.160048392,3.83,-179
In$_{1.994}$Ge$_{0.006}$O$_{3}$,polycrystalline,700.0009335,-2.888888776,6.86E-04,0.104779859,4.58432,-94.1419
Ca$_{0.9}$Bi$_{0.1}$Mn$_{0.9}$Nb$_{0.1}$O$_{3}$,polycrystalline,1000.000382,-1.837270002,2.04E-04,0.120991889,1.6869,-172.3
BaPbO$_{3}$,polycrystalline,700.0001925,-3.27844905,2.15E-04,0.029357635,5.11561,-33.62
Mg$_{2}$Si$_{0.9985}$Bi$_{0.0015}$,polycrystalline,300.0001024,-3.086186148,1.40E-03,0.059161844,7.08,-107
In$_{1.94}$Ge$_{0.06}$O$_{3}$,polycrystalline,300.0005855,-3.047618806,2.88E-04,0.00973701,8.86791,-50.7871
CuCr$_{0.99}$Mg$_{0.01}$O$_{2}$,polycrystalline,700.0007529,-0.325861141,3.88E-05,0.004765211,5.7042,428.212
Fe$_{1.96}$Ti$_{0.04}$O$_{3}$,polycrystalline,700.0007349,-1.025829982,1.11E-04,0.016487796,4.7,-322.97
In$_{1.985}$Ge$_{0.015}$O$_{3}$,polycrystalline,700.0009021,-2.946429891,6.13E-04,0.092961144,4.61902,-83.3032
Bi$_{2}$Sr$_{2}$Co$_{2}$O$_{8}$,single crystal,300.0002069,-2.672865935,5.58E-04,0.076639366,2.18498,108.88
Na$_{0.02}$PbTe$_{0.85}$Se$_{0.15}$,polycrystalline,400.0006765,-3.208303738,1.56E-03,0.28172853,2.21786,98.33
Si$_{0.79936}$Ge$_{0.19984}$B$_{0.0008}$,polycrystalline,400.0008049,-2.818613805,1.51E-03,0.145604448,4.14497,151.36
Ba$_{0.6}$Sr$_{0.4}$PbO$_{3}$,polycrystalline,700.0006856,-2.929991703,3.68E-04,0.105399534,2.44509,-65.77
Fe$_{1.94}$Ti$_{0.06}$O$_{3}$,polycrystalline,400.0008312,-0.686346642,4.63E-05,0.00312239,5.93,-308.72
Fe$_{1.96}$Sn$_{0.04}$O$_{3}$,polycrystalline,400.0000253,-0.579335357,4.27E-05,0.002770165,6.17,-335.5
Cu$_{4.0}$Mo$_{6}$S$_{8}$,polycrystalline,700.0005952,-2.772509223,6.57E-04,0.256694711,1.7908,105.3
Mg$_{2}$Si$_{0.98}$Ag$_{0.02}$,polycrystalline,300.0003442,0.093421685,5.45E-08,2.09E-06,7.83,26
Ca$_{0.7}$Tb$_{0.3}$MnO$_{3}$,polycrystalline,1000.000204,-2.252976045,8.33E-05,0.0495538,1.680820436,-68.2
SrNd$_{0.17}$Ti$_{0.83}$O$_{3}$,polycrystalline,300.0001152,-2.585460662,4.07E-05,0.00197087,6.19,-32.5
Nd$_{2}$Cu$_{0.98}$Ni$_{0.02}$O$_{4}$,polycrystalline,400.0003603,-1.417391269,8.72E-05,0.00434609,8.03,-182.68
SrDy$_{0.08}$Ti$_{0.92}$O$_{3}$,polycrystalline,400.0000985,-2.397940009,1.24E-04,0.013289439,3.74,-70.5
Mg$_{1.9}$Ca$_{0.1}$Si,polycrystalline,400.0008744,-2.669383333,2.56E-04,0.021767518,4.7,-74
La$_{3}$Te$_{3.65}$Sb$_{0.35}$,polycrystalline,1000.000142,-2.647817482,6.12E-04,0.330553514,1.85,-117.3
Sb$_{2}$Te$_{3}$,single crystal,300.0004059,-3.721246399,7.60E-04,0.0675,3.377777778,38
Mg$_{1.9}$Ca$_{0.1}$Si,polycrystalline,700.0000508,-2.56050941,6.14E-04,0.113164591,3.8,-130
CaMnO$_{3}$,polycrystalline,1000.000932,-1.058008232,4.25E-05,0.012337283,3.4447,-192.833
In$_{2}$O$_{3}$,polycrystalline,1000.000339,-1.638888166,2.16E-04,0.072577584,2.97623,-222.736
LaCoO$_{3}$,polycrystalline,300.0001379,0.8875,1.97E-06,0.000314602,1.87927,-390
CaMnO$_{3}$,polycrystalline,400.0006764,-0.616741318,1.43E-04,0.018604483,3.06714,-587.185
Ca$_{3}$Co$_{4}$O$_{9}$,single crystal,1000.000442,-2.643782866,2.64E-03,0.931656243,2.837,245
CaMnO$_{3}$,polycrystalline,300.0003514,-0.519224375,1.40E-04,0.011795412,3.56184,-650.91
Ca$_{4.95}$Na$_{0.05}$Al$_{2}$Sb$_{6}$,polycrystalline,700.0002656,-1.742321425,3.78E-04,0.317966897,0.833,261.7
In$_{0.3}$Co$_{4}$Sb$_{12}$,polycrystalline,300.0008459,-2.820979913,2.97E-03,0.331609215,2.68777,-211.82
Tl$_{0.01}$Pb$_{0.99}$Te,polycrystalline,300.0000795,-2.561866033,7.19E-04,0.111032448,1.9421,140.4
CaMnO$_{3}$,polycrystalline,700.000884,-0.191624,3.54E-05,0.012122034,2.04673,-477.48
Mg$_{2}$Si,polycrystalline,700.0000673,-2.419987887,1.88E-03,0.403854651,3.25,-267
Ca$_{0.7}$Ho$_{0.3}$MnO$_{3}$,polycrystalline,400.0006746,-2.357021358,4.62E-05,0.01211792,1.524264065,-45.05
Ca$_{0.9}$Y$_{0.1}$MnO$_{3}$,polycrystalline,1000.00057,-2.148514165,2.59E-04,0.158857,1.629157717,-135.59
AgCrSe$_{2}$,polycrystalline,300.0004104,-1.351188362,1.75E-04,0.054916687,0.956,279.207
Sm$_{1.7}$Ca$_{0.3}$MnO$_{3}$,polycrystalline,300.0007381,-0.604016982,1.94E-06,0.000528343,1.1,69.4361
Ag$_{0.15}$Sb$_{0.15}$Te$_{1.15}$Ge$_{0.85}$,single crystal,1000.000737,-2.894135712,2.15E-03,0.948261434,2.27167,165.79
Mn$_{1.3}$Mo$_{6}$S$_{8}$,polycrystalline,700.0009604,-3.056562371,2.59E-04,0.077021527,2.3532,47.6766
Mg$_{2}$Si$_{0.6}$Ge$_{0.4}$Bi$_{0.02}$,polycrystalline,300.0000029,-2.823908741,4.59E-04,0.046234899,2.98,-83
Ba$_{8}$Ga$_{16}$Ge$_{30}$,single crystal,1000.000656,-2.76700389,1.18E-03,0.736780716,1.6,-141.98
In$_{0.3}$Co$_{4}$Sb$_{12}$,polycrystalline,700.0000335,-2.641859483,3.40E-03,1.181566055,2.014,-278.47
Ba$_{0.3}$Sr$_{0.6}$La$_{0.1}$TiO$_{3}$,polycrystalline,400.0003111,-3.117247844,1.35E-03,0.160340956,3.36,-101.4
Si$_{0.7956}$Ge$_{0.1989}$P$_{0.0055}$,polycrystalline,1000.000922,-2.601365675,3.16E-03,0.862981105,3.66568,-281.446
Mo$_{3}$Te$_{4}$,polycrystalline,400.0004239,-3.142667504,7.83E-06,0.00080099,3.91172,7.50989
La$_{3}$Te$_{3.8}$Sb$_{0.2}$,polycrystalline,400.0000826,-3.229884705,3.69E-04,0.057160606,2.58,-46.6
Zn$_{0.995}$Al$_{0.005}$O,polycrystalline,1000.000745,-2.059999995,6.16E-04,0.074607606,8.25,-231.536
NbCo$_{1.05}$Sn,single crystal,700.0002675,-2.63153088,2.40E-03,0.232283937,7.2322,-236.772
Ag$_{9}$TlTe$_{5}$,polycrystalline,400.0001423,-1.079876674,1.29E-04,0.244800824,0.21,327
Li$_{0.0242}$Ni$_{0.9758}$O,polycrystalline,400.000038,-1.908570264,8.53E-05,0.009093419,3.75078,102.59
In$_{0.15}$Co$_{4}$Sb$_{12}$,polycrystalline,400.000449,-2.672061031,3.33E-03,0.668512792,1.99464,-266.33
In$_{0.15}$Co$_{4}$Sb$_{12}$,polycrystalline,300.0007701,-2.727752158,3.25E-03,0.424000225,2.29861,-246.59
Ca$_{0.9}$Ho$_{0.1}$MnO$_{3}$,polycrystalline,300.0002299,-2.174349328,7.75E-05,0.01419657,1.637290898,-72.01
Ba$_{8}$Ga$_{16}$Ge$_{30}$,single crystal,700.0002816,-2.848323769,1.59E-03,0.711999566,1.56,-150
CuCr$_{0.96}$Mg$_{0.04}$O$_{2}$,polycrystalline,1000.000097,-1.353925796,2.08E-04,0.03041577,6.8542,303.784
SrTi$_{0.8}$Nb$_{0.2}$O$_{3}$,polycrystalline,1000.000237,-2.591064533,1.06E-03,0.337735156,3.14,-164.9
TiNiSn,polycrystalline,1000.000131,-2.788697873,1.57E-03,0.243444308,6.4417,-159.717
Ca$_{2.97}$Na$_{0.03}$AlSb$_{3}$,polycrystalline,300.0004683,-1.008330993,8.26E-06,0.001483272,1.67,90
CaYb$_{0.1}$Mn$_{0.9}$O$_{3}$,polycrystalline,400.0002141,-2.358218621,8.24E-05,0.020104787,1.63869,-60.084
Zr$_{0.98}$Nb$_{0.02}$NiSn,polycrystalline,400.0005917,-3.160222261,3.18E-03,0.146507724,8.6783,-148.254
In$_{1.994}$Ge$_{0.006}$O$_{3}$,polycrystalline,300.0007715,-3.077380923,3.04E-04,0.009402057,9.71545,-50.4768
Ca$_{4.75}$Na$_{0.25}$Al$_{2}$Sb$_{6}$,polycrystalline,1000.000575,-2.027334408,4.56E-04,0.649112203,0.703,207
Li$_{0.0066}$Ni$_{0.9944}$O,polycrystalline,400.0000698,0.706416487,1.22E-06,5.87E-05,8.32761,249.37
Fe$_{0.998}$Co$_{0.002}$Si$_{2}$,polycrystalline,400.000243,-1.585026652,1.29E-04,0.009648228,5.34,-183
CuCr$_{0.96}$Mg$_{0.04}$O$_{2}$,polycrystalline,400.00014,-1.17980314,7.68E-05,0.003505948,8.7669,225.369
Ti$_{0.98}$Nb$_{0.02}$NiSn,polycrystalline,400.0006585,-3.138337172,3.46E-03,0.218564595,6.3283,-158.575
CuCr$_{0.97}$Mg$_{0.03}$O$_{2}$,polycrystalline,400.0005563,-1.159166507,8.40E-05,0.005199749,6.4607,241.278
Ca$_{4.75}$Na$_{0.25}$Al$_{2}$Sb$_{6}$,polycrystalline,700.0000866,-2.134896025,5.50E-04,0.469577879,0.82,200.8
Mg$_{2}$Si$_{0.6}$Ge$_{0.4}$Ag$_{0.02}$,polycrystalline,700.0001066,-1.826813732,6.82E-04,0.185786979,2.57,318.8
Ca$_{0.9}$Nd$_{0.1}$MnO$_{3}$,polycrystalline,1000.000049,-1.671196504,7.93E-05,0.03329024,2.38232,-130.04
Sr$_{0.9}$Y$_{0.1}$TiO$_{3}$,polycrystalline,400.0007367,-2.89997427,1.13E-03,0.075616892,6,-119.5
Ca$_{0.7}$Y$_{0.3}$MnO$_{3}$,polycrystalline,700.0008722,-2.202382117,4.38E-05,0.02025961,1.514920146,-52.45
CaMnO$_{3}$,polycrystalline,1000.000213,-0.956358001,1.50E-04,0.089158798,1.67874,-406.81
WO$_{2.9}$,polycrystalline,300.0004886,-2.907198678,6.42E-05,0.00625094,3.0834,-28.21
WO$_{2.722}$,polycrystalline,400.0005975,-4.009424524,6.49E-04,0.033229299,7.817,-25.21
La$_{3}$Te$_{3.35}$Bi$_{0.65}$,polycrystalline,1000.000335,-2.278189385,6.51E-04,0.475062535,1.37,-185.2